"denomination_sociale";"n";"TotalAmount";"MinAmount";"MaxAmount";"MedianTransactionAmount";"Q1";"Q3";"MeanTransactionAmount"
"MSD France";203831;106134278;10;1258504;49;26;60;520,7
"NOVARTIS PHARMA SAS";263908;30889888;10;50000;50;27;60;117,05
"ASTRAZENECA";320222;19645901;10;1e+05;57;43;57;61,35
"Bayer HealthCare SAS";136562;17159406;10;150000;33;23;58;125,65
"ROCHE SAS";126159;16185083;10;2e+05;30;21;60;128,29
"SANOFI AVENTIS FRANCE";224949;15629644;10;250000;31;19;50;69,48
"BRISTOL-MYERS SQUIBB";132228;12998439;10;230000;44;25;60;98,3
"MEDTRONIC France S.A.S";86850;12534183;10;150000;45;24;115;144,32
"AbbVie";108857;12405793;10;250000;38;24;60;113,96
"ASTELLAS PHARMA";54876;10981924;10;96000;40;20;60;200,12
"PIERRE FABRE MEDICAMENT";68560;10625338;10;1511204;38;24;53;154,98
"JANSSEN-CILAG";107876;10212963;10;107000;30;23;57;94,67
"GILEAD SCIENCES";53797;10181288;10;159000;52;24;122;189,25
"SANOFI PASTEUR MSD SNC";17666;10101843;10;259960;42;29;59;571,82
"BOSTON SCIENTIFIC SAS";44898;9594988;10;75000;53;30;146;213,71
"GUERBET France";31601;9591340;10;4936;107;39;267;303,51
"AMGEN SAS";75292;9160785;10;125000;39;23;60;121,67
"LABORATOIRE GLAXOSMITHKLINE";144360;8747840;10;140000;50;32;60;60,6
"BOEHRINGER INGELHEIM FRANCE";79319;8693479;10;32500;41;23;60;109,6
"St Jude Medical France SAS";36650;8168584;10;4e+05;39;24;60;222,88
"PFIZER SAS";73792;7867248;10;5e+05;28;21;56;106,61
"MSDAVENIR";13;7853648;149916;2054000;306589;278928;826987;604126,77
"LES LABORATOIRES SERVIER";61379;7783485;11;2e+05;57;48;66;126,81
"LUNDBECK SAS";64569;7664113;10;276000;44;23;60;118,7
"Lilly France SAS";81870;7308091;10;47981;49;24;60;89,26
"IPSEN PHARMA";51557;6439643;10;85000;44;24;60;124,9
"NOVO NORDISK";43754;6322858;10;2e+05;45;25;63;144,51
"ALLERGAN FRANCE";65118;6221979;10;65000;45;28;60;95,55
"Takeda France";41592;6214461;10;1e+05;37;26;60;149,41
"MERCK SERONO";70120;5829494;10;50000;35;22;55;83,14
"DAIICHI SANKYO FRANCE SAS";42609;5621995;10;2e+05;45;25;60;131,94
"bioMérieux";1714;5597045;10;373864;166;60;875;3265,49
"LEO Pharma";52561;5165163;10;60000;37;20;55;98,27
"ABBOTT FRANCE";38751;5115848;10;30000;40;24;61;132,02
"Laboratoire MSD Chibret";50;4878329;18;1226480;7407;1574,25;34811;97566,58
"ETHICON";30898;4641548;10;15000;60;35;164;150,22
"FERRING SAS";27773;4488111;10;110000;39;22;65;161,6
"MENARINI FRANCE";48221;4440648;10;30000;50;33;58;92,09
"BIOGARAN";23776;4256430;10;17222;33;24;35;179,02
"VITALAIRE";26335;4175833;10;18000;60;26;155;158,57
"MUNDIPHARMA";39807;4077141;10;12000;40;28;55;102,42
"SANOFI PASTEUR";758;3813649;14;2400000;41,5;26;57;5031,2
"TEVA SANTE SAS";44296;3732094;10;80000;39;25;56;84,25
"SORIN GROUP FRANCE";20521;3713195;10;55000;55;33;110;180,95
"LABORATOIRES BOUCHARA - RECORDATI";49109;3543237;10;54000;43;30;55;72,15
"BIOGEN FRANCE SAS";30141;3419783;10;46200;41;25;60;113,46
"EDWARDS LIFESCIENCES";23563;3401421;10;9169;58;39;157;144,35
"Genzyme";22634;3332366;10;85000;25;20;60;147,23
"PHARMA DOM";15027;3327925;10;40000;55;24;240;221,46
"Amplifon Groupe France";6702;3312356;10;92070;60;55;110;494,23
"ICOMED";141662;3300675;10;400;25;16;30;23,3
"BIOTRONIK FRANCE SAS";17714;3297699;10;25000;51;28;128;186,16
"INSTITUT MERIEUX";102;3146076;22;4e+05;5129;512;30000;30843,88
"BRACCO IMAGING FRANCE";14895;3056523;10;18300;39;23;71;205,2
"Otsuka Pharmaceutical France SAS";35107;2973531;10;1e+05;34;21;60;84,7
"BARD FRANCE SAS";14136;2959807;10;50000;60;35;219,25;209,38
"CHIESI SAS";32474;2860934;10;50000;46;26;53;88,1
"A+A";46676;2848323;10;3315;50;30;75;61,02
"ALK-Abelló";13641;2842449;10;32500;67;50;258;208,38
"CSL BEHRING SA";7812;2832506;10;60000;52;20;158;362,58
"SANDOZ";22190;2816947;10;40000;31;19;53;126,95
"LivaNova";11643;2787111;10;67000;56;34;110;239,38
"SHIRE France S.A.";12213;2769208;10;85000;30;22;60;226,74
"CHUGAI PHARMA FRANCE";11793;2609428;10;50000;29;20;55;221,27
"STALLERGENES SA";13228;2521779;10;40000;60;39;269;190,64
"LFB BIOMEDICAMENTS";20200;2517944;10;1e+05;34;19;78;124,65
"DEPUY France";12719;2462303;10;8000;58;37;175;193,59
"ViiV HEALTHCARE SAS";14113;2439142;10;60000;53;26;74;172,83
"LABORATOIRES COLOPLAST";25546;2429520;10;20000;35;23;60;95,1
"Octapharma France";5505;2420770;10;75686;60;20;310;439,74
"Fresenius Medical Care France S.A.S.";19804;2325660;10;40000;50;24;113;117,43
"Actelion Pharmaceuticals France";20085;2272782;10;30000;38;22;59;113,16
"COSMETIQUE ACTIVE FRANCE";28863;2250351;10;38000;33;24;45;77,97
"CELGENE";14585;2239034;10;60000;30;22;60;153,52
"Laboratoires TERUMO S.A";10764;2184503;10;29920;56;24;206;202,95
"Laboratoires THEA";16910;2064124;10;150000;55;33;55;122,07
"BOIRON";41822;2061562;10;180000;25;20;35;49,29
"FH ORTHOPEDICS";6769;1832856;10;36000;55;32;206;270,77
"GE HEALTHCARE SAS";7050;1764068;10;5883;48;27;118;250,22
"UCB Pharma SA";18486;1575449;10;4858;40;21;91;85,22
"Laboratoires Grünenthal SAS";26965;1554670;10;15000;38;20;55;57,66
"LABORATOIRES GENEVRIER";10542;1521914;10;62400;42;24;154;144,37
"TORNIER";7973;1487137;10;8816;59;35;181;186,52
"PSI CRO FRANCE";210;1478457;13;104609;1824;1157,25;8295;7040,27
"COVIDIEN FRANCE S.A.S.";9316;1458109;10;16000;42;26;58;156,52
"BIOCODEX";24854;1450838;10;20000;38;26;54;58,37
"Smith & Nephew S.A.S.";14512;1444718;10;13090;38;24;88;99,55
"MERZ PHARMA France";8797;1401369;10;50000;33;23;60;159,3
"Alexion Pharma France";7710;1350484;10;37500;23;18;120;175,16
"Zambon France";22425;1340077;10;25500;39;28;50;59,76
"Baxter SAS";2405;1339975;10;1e+05;60;35;193;557,16
"LABORATOIRES ALCON";14579;1336935;10;10466;54;29;60;91,7
"GE Medical Systems SCS";10953;1321990;10;40000;39;26;55;120,7
"DIAGNOSTICA STAGO";4276;1264171;10;116674;58;30;184;295,64
"MAQUET SAS";7906;1251013;10;9000;50;32;110;158,24
"MYLAN SAS";26357;1241379;10;35000;47;35;50;47,1
"ROCHE DIAGNOSTICS FRANCE";11762;1202708;10;40000;41;25;60;102,25
"Bastide Le Confort Médical";1866;1177533;10;20000;107;25;914;631,05
"MEDA PHARMA";12093;1173794;10;10000;41;25;60;97,06
"ROCHE DIABETES CARE FRANCE";12654;1166037;10;40000;44;22;60;92,15
"HEMOTECH";4150;1135810;10;42119;53;30;190;273,69
"GAMBRO HOSPAL SAS";9588;1113046;10;10000;40;25;60;116,09
"Arthrex SAS";2897;1064560;10;6000;204;82;470;367,47
"MicroVention Europe";2778;1048375;10;40000;58;35;240,75;377,38
"EUSA PHARMA SAS";3318;1042151;10;225000;30;19;125;314,09
"Cook France SARL";11655;1023850;10;65000;40;22;60;87,85
"EISAI SAS";16469;1019102;10;12000;22;18;43;61,88
"AMO FRANCE SAS";4996;1014593;10;57950;43;22;64;203,08
"BIOMET";4586;1007648;10;5049;54;28;148;219,72
"INTUITIVE SURGICAL SARL";7486;980885;10;3000;52;28;138;131,03
"Biosensors France SAS";4859;979904;10;2685;60;35;245;201,67
"ADDMEDICA";2470;954883;10;61700;20;15;50;386,59
"FRESENIUS KABI FRANCE";15735;935617;10;7473;22;16;38;59,46
"TRB CHEMEDICA";10993;930152;10;4145;55;34;72;84,61
"VASCUTEK FRANCE";3803;926489;10;19860;61;37;251;243,62
"HEXACATH FRANCE";2725;926094;10;38000;55;26;351;339,85
"Covidien AG";7816;910977;10;4165;57;33;152;116,55
"galderma international";9536;893259;10;20000;50;33;53;93,67
"ASSISTANCES MEDICALES SPECIALISEES";7181;890626;10;4037;42;27;67;124,03
"STRYKER FRANCE SAS";6304;888527;10;7367;40;25;140,25;140,95
"APTALIS PHARMA SAS";11032;885571;10;5000;36;18;54;80,27
"LABORATOIRES CONVATEC";18166;884249;10;2500;31;20;45;48,68
"LDR Médical";3644;854125;10;5688;99;45;270;234,39
"PHILIPS FRANCE";5888;836478;10;19363;50;28;125;142,06
"UPSA SAS";9890;810773;10;9600;51;38;60;81,98
"LABORATOIRES MAYOLY SPINDLER";18149;804378;10;15000;35;20;50;44,32
"SERF";3109;802019;10;40740;57;37;153;257,97
"LABORATOIRES URGO";21295;792719;10;1645;26;18;37;37,23
"B.BRAUN MEDICAL SAS";5250;783889;10;15000;47;22;167;149,31
"Laboratoires Expanscience";9490;752232;10;2749;45;30;55;79,27
"Zimmer France SAS";6890;749991;10;4183;48;26;100;108,85
"horus pharma";11982;744828;10;10000;49;31;55;62,16
"MYLAN MEDICAL SAS";13789;725317;10;5000;40;27;58;52,6
"GaldermaQMed";3410;675826;10;4000;55;29;195,75;198,19
"Cochlear France";3574;675394;10;6807;62;36;167;188,97
"ASPEN FRANCE";14105;673531;10;4341;29;21;51;47,75
"RESMED SAS";4885;666030;10;35000;32;21;69;136,34
"GEDEON RICHTER France - Division Santé de la Femme";8112;655207;10;5173;48;27;58;80,77
"HOLLISTER FRANCE Incorporated";9685;652605;10;2100;40;30;58;67,38
"DINNO SANTE";5081;641943;10;11000;40;22;122;126,34
"LES LABORATOIRES OSTEAL MEDICAL";1940;634610;10;30684;50;26;173;327,12
"VIFOR FRANCE SA";13486;626478;10;5696;24;18;39;46,45
"NEURELEC";2923;625854;10;8829;111;44;193;214,11
"LINDE HOMECARE FRANCE SAS";4582;606936;10;4850;38;24;116;132,46
"ProStrakan Pharma";10159;605416;10;1793;23;18;41;59,59
"NORDIC PHARMA SAS";4874;596080;10;3500;42;22;100;122,3
"Carl Zeiss Meditec France";1556;592340;10;30000;45;26;350,25;380,68
"HOSPIRA FRANCE";7455;574632;10;4790;20;19;40;77,08
"LVL MEDICAL PARIS ET NORD";4715;567662;10;24000;24;16;60;120,39
"CELGENE SAS";3023;566230;11;60000;29;22;59;187,31
"Pierre Fabre Dermo-Cosmétique";16879;564667;10;2016;18;13;38;33,45
"AMPLITUDE";2630;554654;10;7297;71;39;230;210,9
"NESTLE HOMECARE";4712;543675;10;6000;55;24;108;115,38
"ARAIR Assistance S.A.";1521;535001;10;58000;63;23;260;351,74
"Zimmer Dental SAS";10774;523933;10;4800;36;23;54;48,63
"WELLSPECT HEALTHCARE";3971;521474;10;8000;53;33;115;131,32
"MEDITOR";4215;520477;10;14000;54;31;156;123,48
"ARIAD Pharmaceuticals (France)";1641;506284;10;48096;39;22;60;308,52
"RB Pharmaceuticals France";3244;500639;10;50000;40;26;56;154,33
"EDWARDS LIFESCIENCES SUISSE";1597;495009;10;35000;69;36;151;309,96
"NORGINE PHARMA";6127;492287;10;5000;32;19;57;80,35
"EUMEDICA s.a.";1237;490958;20;15000;330;175;450;396,89
"VIFOR FRESENIUS MEDICAL CARE RENAL PHARMA";2981;488254;10;3e+05;28;19;49;163,79
"Philips France Commercial";4241;487219;10;18300;40;24;75;114,88
"TOSHIBA MEDICAL FRANCE";2515;482985;10;18000;39;25;79;192,04
"Ivoclar Vivadent SAS";12783;472607;10;10000;30;30;30;36,97
"NOBEL BIOCARE FRANCE SAS";3260;470213;10;18400;30;21;57,25;144,24
"Laboratoire Innothera";14825;468115;10;564;26;18;45;31,58
"SOS OXYGENE ATLANTIQUE CENTRE";1034;460181;10;15000;190;39,25;440;445,05
"PFIZER PFE FRANCE";4431;458178;10;40000;25;20;52;103,4
"ConsuMed Research";3676;458015;10;500;120;100;140;124,6
"Regeneron Pharmaceuticals, Inc.";264;457059;10;48870;192;71,75;1094,75;1731,28
"W L GORE & ASSOCIES";4085;454804;10;4156;60;36;95;111,34
"THERADIAL SAS";4400;450876;10;7000;34;24;53,25;102,47
"HOYA Surgical Optics GmbH";1089;449201;10;7430;50;33;486;412,49
"MEDACTA FRANCE";2123;443033;10;25000;50;25,5;140;208,68
"CONGRES COLLOQUES CONVENTIONS";13092;441742;30;87;30;30;30;33,74
"ENDOLOGIX INTERNATIONAL BV";1769;441710;10;15000;64;21;151;249,69
"3M France";5466;439917;10;30000;30;22;49;80,48
"Hansen Medical, Inc.";64;437921;10;79575;68;24,25;458,5;6842,52
"ABBOTT PRODUCTS SAS";7106;431861;10;2961;40;26;60;60,77
"Covance Clinical And Periapproval Services SARL";117;425206;37;45597;1377;488;3450;3634,24
"PASCALEO";12182;421149;12;500;22;20;37;34,57
"Molnlycke Health Care";13533;418879;10;2160;21;16;30;30,95
"ARCHIMEDES PHARMA France";4650;407479;10;5852;20;18;50;87,63
"Zimmer GmbH";3623;405692;10;7768;69;51;138;111,98
"PHARMA MAR S.A.R.L.";2750;405573;10;9663;55;25;136;147,48
"THERAKOS UK Ltd";761;403380;10;140400;52;38;154;530,07
"ISIS ADOUR";637;400113;13;12800;286;60;782;628,12
"THERABEL LUCIEN PHARMA";8132;397521;10;1500;39;23;50;48,88
"gn hearing sas";5435;396657;10;4155;26;19;40;72,98
"Becton Dickinson France SAS";3544;384078;10;21204;28;18;49;108,37
"EFFIK";7698;382062;10;800;50;34;59;49,63
"MED OUEST";2358;381274;10;3193;51,5;32;130,75;161,69
"SIGVARIS";9430;381003;10;10000;25;19;35;40,4
"ASPIDE MEDICAL";1476;380469;10;5000;146;40;350;257,77
"ROTTAPHARM SAS";4700;375753;10;1357;45;29;59;79,95
"LVL MEDICAL OUEST";1899;371050;11;35000;36;21;175;195,39
"Laboratoire français du Fractionnement et des Biotechnologies";112;367430;12;25000;109,5;58;4000;3280,62
"ALISEO";1128;364208;10;150000;61;27;230;322,88
"CRISTALENS SA";1665;363101;10;3165;50;29;60;218,08
"PHONAK FRANCE";8670;361491;10;737;26;21;39;41,69
"Lifescan";4698;361339;10;15000;30;20;50;76,91
"SANOFI-AVENTIS GROUPE";321;359475;11;50000;264;90;618;1119,86
"PHYSIOL FRANCE";1907;358981;10;3500;25;16;46,5;188,24
"Ascensia Diabetes Care France";1380;346256;10;111280;24;17;39;250,91
"Labvoratoire CHAUVIN";6409;333433;10;2085;40;23;60;52,03
"laboratoire BAUSCH&LOMB";4646;333401;10;3500;42;25;60;71,76
"Cyberonics SA";3533;331411;10;12000;36;24;64;93,8
"GAMIDA";2206;330768;10;11000;36;20;59,5;149,94
"B3TSI";7135;327343;10;3110;40;25;50;45,88
"Vibrant Med-El";1100;325798;13;6000;169,5;62,75;351,25;296,18
"JAZZ PHARMACEUTICALS FRANCE";484;324228;12;25000;73;45;460;669,89
"MALLINCKRODT FRANCE SARL";1362;316064;10;50000;45;19;51;232,06
"InterMune France SAS";2657;314657;10;20000;30;22;56;118,43
"PRECIPHAR";7931;313267;10;1434;31;20;50;39,5
"AGIR à dom Assistance";2356;310811;10;10000;29;19;125;131,92
"Otsuka Novel Products GmbH";1;310587;310587;310587;310587;310587;310587;310587
"Prodition";5590;306431;10;10000;26;19;37;54,82
"COOPERVISION SAS";5238;304693;10;1026;46;22;60;58,17
"ISIS ATLANTIQUE";290;303812;10;10828;178,5;47;888,5;1047,63
"HOLOGIC";1582;302906;10;4020;87;43;330;191,47
"ORMCO FRANCE SAS";1723;301491;10;25000;39;30;80;174,98
"ANTADIR";213;297909;23;95000;99;33;293;1398,63
"Laboratoire AGUETTANT, Société par Actions Simplifiée";3383;295776;10;20000;24;16;55;87,43
"BBGR SAS";3274;291803;10;2846;32;20;55;89,13
"ADVANCED BIONICS SARL";727;290807;10;15566;61;26;277;400,01
"GLOBAL D";4642;284559;10;6640;27;20;46;61,3
"LVL MEDICAL EST";1297;282720;11;40000;40;21;159;217,98
"CELONOVA BIOSCIENCES OF EUROPE B.V";457;282075;10;38966;50;39;102;617,23
"SIEMENS AUDIOLOGIE";4417;280372;10;1127;35;21;61;63,48
"Integra LifeSciences Services (France)";2203;278793;10;5400;48;28;115;126,55
"OCP REPARTITION";8453;278562;10;200;30;24;40;32,95
"STARKEY FRANCE";2927;278475;10;6796;26;20;40;95,14
"DENTSPLY FRANCE";2574;276451;10;8107;60;27;115;107,4
"Ophta-France SA";1986;275233;10;2700;37;25;53;138,59
"MENICON SAS";2851;273743;10;8000;50;24;60;96,02
"Alizé Santé";700;273604;12;4244;58;30;532,5;390,86
"EUROPHTA";4381;271012;10;11295;46;30;55;61,86
"SIEMENS HEALTHCARE SAS";3264;269944;10;6753;37;25;55;82,7
"Medicare_HTM";510;269942;11;4604;50;30;259,25;529,3
"PRODAREV";1500;267352;10;1750;55;48;220;178,23
"Mauna Kea Technologies";689;266969;10;17400;131;34;314;387,47
"LIVE ! BY GL EVENTS";2933;265966;10;1022;60;44;75;90,68
"ASDIA";944;263749;11;22500;64;24;160,25;279,4
"SOS OXYGENE";2014;260148;12;20000;45;38;58;129,17
"FISHER & PAYKEL HEALTHCARE SAS";549;255471;10;32005;36;20;222;465,34
"PEROUSE MEDICAL";1492;254283;10;7000;60;41;212,5;170,43
"VYGON";2449;249843;10;6000;29;17;75;102,02
"KEOCYT";1418;249810;10;5000;43;21;169;176,17
"DJO France SAS";9142;248820;10;5940;18;14;24;27,22
"S.O.S. OXYGENE GARONNE";1016;244694;11;15200;50;29;220;240,84
"colgate palmolive";3323;241387;14;18400;16;16;16;72,64
"WERFEN";592;239790;10;6142;172;150;466;405,05
"SOS OXYGENE ILE DE France EST";136;239755;38;30400;350;194;612,5;1762,9
"BMI SYSTEM";793;238123;10;5496;272;175;390;300,28
"CARDINAL HEALTH FRANCE 506 SAS";713;238023;10;17247;108;53;318;333,83
"SWEDISH ORPHAN BIOVITRUM";3473;236430;10;5000;27;20;48;68,08
"FCI SAS";1707;230982;10;4427;47;29;68;135,31
"ARROW GENERIQUES SAS";7588;230884;10;725;27;21;35;30,43
"FINOX BIOTECH FRANCE SARL";1471;227933;10;3099;39;24;98,5;154,95
"BIO-RAD";883;227432;10;45409;41;20;120;257,57
"Essilor";6043;223252;10;446;32;23;41;36,94
"Sequent Medical GmbH";1109;223246;10;9000;64;30;179;201,3
"VEXIM SA";2288;222499;10;2500;59;37;71;97,25
"QualWorld";1475;222070;10;850;130;100;180;150,56
"NOVARTIS VACCINES AND DIAGNOSTICS SAS";2358;221468;10;2232;60;40;64;93,92
"Laboratoires Leurquin Mediolanum";9069;220540;15;195;16;16;22;24,32
"PROTHEOS SA";520;218743;10;3898;60;40;410,5;420,66
"LABORATOIRE NUXE";4782;216796;10;1000;45;17;56;45,34
"H.A.C.Pharma";3471;216326;10;2408;41;24;55;62,32
"Orphan Europe";1149;216105;11;10500;30;18;60;188,08
"PRODUITS DENTAIRES PIERRE ROLLAND";675;214881;15;5044;151;30;355;318,34
"NUTRICIA Nutrition Clinique";2093;213604;10;15000;27;19;63;102,06
"IP Santé domicile";187;212751;26;16000;551;320;987;1137,71
"Ultradent Products GmbH";370;212617;10;6870;184;88;695,25;574,64
"EUROFINS OPTIMED";190;212134;12;31430;215;25;1000;1116,49
"OptiMed SARL";750;211180;10;10700;50;23;134,25;281,57
"B.R.A. SAS";1400;209248;10;4258;63;32;141;149,46
"Association pour le Développement de l’Enseignement et des Recherches auprès des universités des centres de recherches et des entreprises d’Aquitaine (ADERA)";419;208594;50;33540;200;100;420;497,84
"ICARE";1216;207637;50;800;150;120;220;170,75
"Laboratoires Lohmann & Rauscher";5437;206361;10;1074;21;16;35;37,95
"Laboratoires ARKOPHARMA";4829;205815;10;6560;42;24;50;42,62
"SIVANTOS";2481;204760;10;1050;38;27;74;82,53
"R'SUD MEDICAL";636;204051;11;5218;31,5;22;69;320,83
"ALFA WASSERMANN PHARMA";5088;202684;10;300;42;29;50;39,84
"FUJIFILM Medical Systems France";2093;199846;10;15000;35;22;63;95,48
"Groupe d'Etudes pour la Chirurgie Osseuse";506;198656;21;1431;404;200;525;392,6
"INC RESEARCH, LLC";727;198442;10;1573;147;114;292,5;272,96
"Cepheid Europe SAS";462;198163;20;10000;180,5;62;500;428,92
"SANOFI-AVENTIS RECHERCHE & DEVELOPPEMENT";16;196671;33;152000;1000;506;5828;12291,94
"CROMA";1366;196474;10;2750;36;25;57;143,83
"PHYSIOMED";291;195407;16;4608;500;240;978;671,5
"Air Liquide European Homecare Operations Services";3;195000;65000;65000;65000;65000;65000;65000
"Johnson et Johnson Santé Beauté France";2489;194715;10;7145;32;20;52;78,23
"B. Braun Avitum France SAS";1611;193041;10;1500;60;37;190,5;119,83
"APARD";157;189787;22;1e+05;415;40;739;1208,83
"THORATEC EUROPE LTD";837;188932;10;5600;75;32;195;225,73
"PAUL HARTMANN SA";2793;188705;10;650;31;21;45;67,56
"ADEP ASSISTANCE";747;187547;11;30000;60;34;226,5;251,07
"EDAP TMS France SAS";1240;186052;10;3930;80;43;171;150,04
"Incyte Corporation";160;185509;10;25356;108;49,25;810,5;1159,43
"KYOWA KIRIN";3482;181063;10;1977;22;18;44;52
"OLYMPUS France SAS";1886;176585;10;7627;43;26;60;93,63
"DRAGER MEDICAL S.A.S.";884;175655;10;5668;113;30;195;198,7
"SCIENCE ET MEDECINE";930;175010;10;1993;50;34;217,75;188,18
"MEDAC SAS";726;174834;11;20000;50;23,25;290;240,82
"PHENIX CARDIOLOGIE";757;173423;10;1994;87;45;260;229,09
"DENTSPLY Implants";2290;172235;10;20000;38;26;75;75,21
"EUROS SAS";765;170131;10;5500;60;33;206;222,39
"MD ORTHO";721;169125;11;15284;40;25;67;234,57
"Reckitt Benckiser France";1;168107;168107;168107;168107;168107;168107;168107
"DMEDICA";2144;167838;10;5685;23;17;34;78,28
"MARIE AMELIE LENOIR CONSULTING - VICTA CONSEIL";1865;166410;20;400;45;30;150;89,23
"LABORATOIRE DENSMORE";1223;165341;10;2574;73;46;95;135,19
"BIOTECH ORTHO";523;163494;10;2179;150;45;500;312,61
"Eos imaging";196;162076;11;45000;20;13;62,75;826,92
"SIEMENS SAS";2205;160093;10;5403;39;26;55;72,6
"WIDEX";2194;159429;10;1278;27;18;66;72,67
"Salix Pharmaceuticals, Inc.";9;158845;2500;38043;2725;2725;37743;17649,44
"PHADIA SAS";3176;157817;10;920;42;28;53;49,69
"SYNTHES";611;157782;11;2904;58;37,5;309,5;258,24
"THE BINDING SITE GROUP LTD";2205;156452;10;2500;20;20;43;70,95
"CLARIANCE";596;156096;12;12000;67;33;141;261,91
"Ophtalmic Compagnie";3384;155879;10;3600;40;26;55;46,06
"LVL MEDICAL CENTRE EST";1077;155617;10;30000;21;17;52;144,49
"ISIS GUADELOUPE";133;155391;19;5009;65;37;2070;1168,35
"KEPHREN";379;155050;14;4668;63;38;279;409,1
"LABORATOIRES OMEGA PHARMA FRANCE";7885;152753;10;80;20;20;20;19,37
"ADS LORRAINE";1096;152660;10;3345;30;16;55;139,29
"ISIS DIABETE SUD";407;152003;12;5800;113;32,5;392;373,47
"KARL STORZ ENDOSCOPIE FRANCE SAS";575;151959;11;5400;41;26,5;60;264,28
"Laboratoires ETHYPHARM";3212;151582;10;2000;27;21;37;47,19
"Laboratoires PRED";285;151077;12;6400;180;31;532;530,09
"NOVATECH SA";248;150983;20;24000;36;36;193;608,8
"PAREXEL International";179;150469;20;1875;923;716;1108;840,61
"LVL MEDICAL SUD";1503;150077;10;5000;32;20;59;99,85
"ISIS DIABETE EST";494;148866;12;5684;89;30,25;323;301,35
"MULTALER & CIE";3;148624;31372;61822;55430;43401;58626;49541,33
"AUDIOPTIC TRADE SERVICES";268;148545;90;3450;180;180;180;554,27
"Penumbra, Inc.";1171;145578;10;8429;55;34;80,5;124,32
"BECKMAN COULTER FRANCE";1201;144949;11;6205;35;25;70;120,69
"OVERCOME";129;144511;15;4460;663;470;1047;1120,24
"Dentsply Gac Europe";1347;143839;10;1980;36;23;120;106,78
"COUSIN BIOSERV";1062;143602;10;3500;41;25;128;135,22
"SANTEN";3281;142831;10;4779;40;25;55;43,53
"Guerbet";215;142298;10;6465;160;57,5;399,5;661,85
"KISCO International";541;140486;10;4685;118;45;310;259,68
"arard";124;140140;100;4300;1075;690;1330;1130,16
"GIBAUD";5159;139512;10;500;22;14;35;27,04
"Laboratoires MAJORELLE";1026;139442;10;5000;50;19;54,5;135,91
"EDIMARK";206;136126;41;1965;598,5;393;815;660,81
"PETERS SURGICAL";655;135851;12;4500;45;28;226;207,41
"Qiagen France SAS";166;135511;10;17424;57,5;25;500;816,33
"Laboratoires BESINS INTERNATIONAL";3675;135322;10;222;37;25;50;36,82
"Biomarin Europe Ltd.";943;132956;10;4148;23;16;34;140,99
"medi";1894;131735;11;5000;26;20;35;69,55
"SOS OXYGENE ILE DE France NORD";648;128993;10;14000;41;24;69;199,06
"S.O.S OXYGENE ILE DE France";560;128429;12;8600;38;28;150;229,34
"ADIR ASSISTANCE";310;128254;12;2611;320;120,25;551,5;413,72
"SAS LABORATOIRES VIVACY";939;127863;10;4761;43;28;106;136,17
"BSN-RADIANTE SAS";4690;127786;10;4000;21;15;28;27,25
"CENTRALE DES PEELINGS";6959;127585;12;55;17;16;21;18,33
"SOS OXYGENE LORRAINE";869;127425;10;17208;42;24;118;146,63
"Mathys Orthopédie";1026;127209;10;1272;35;22;98;123,99
"PEROUSE PLASTIE";595;127076;11;5000;60;40;270;213,57
"SINCLAIR PHARMA";1694;126975;10;15800;23;17;52,75;74,96
"symbios sas";252;126362;20;4815;401,5;176;770;501,44
"IMPLANET SA";487;125248;11;5191;92;50;221,5;257,18
"LVL MEDICAL SUD OUEST";939;125010;10;11000;39;22;70;133,13
"PIERRE FABRE SA";131;124763;10;32112;47;15;275;952,39
"BRAHMS FRANCE SAS";510;124075;11;10000;35;17;125;243,28
"MORIA S.A.";64;122093;13;32583;51;27,75;229;1907,7
"AudioNova France SAS";718;120664;10;1440;50;27;300;168,06
"ADLER ORTHO France";752;119774;11;15000;56,5;30;160;159,27
"EUSA Pharma (France) SAS";1121;119584;10;3810;24;19;63;106,68
"LABORATOIRES BROTHIER";1133;118983;11;6200;34;24;121;105,02
"Cardim@t";636;117558;16;3384;72;43;216;184,84
"MEDEXACT";5549;116720;10;31;19;17;25;21,03
"MACO PRODUCTIONS";85;113245;500;26424;800;500;875;1332,29
"EUROTEKNIKA";1674;112527;10;1346;32;20;66;67,22
"American Orthodontics";1799;111793;10;3000;35;23;54;62,14
"Nestlé Clinical Nutrition";415;111119;10;1140;200;60;420;267,76
"CIS BIO INTERNATIONAL";827;109801;11;4925;42;25;56;132,77
"MICRO-MEGA";186;108144;10;5596;387,5;168;525;581,42
"POLARIS MANAGEMENT";58;107599;61;26374;492;290;1174,5;1855,16
"SOS OXYGENE NORD JOLY MEDICAL";1364;107522;11;5000;44;29;61;78,83
"Straumann France";1372;107428;10;16000;25;19;36;78,3
"GROUPE WELCOOP";1618;107243;25;2175;56,5;54;60;66,28
"Siemens Healthcare Diagnostics SAS";1143;106630;10;878;32;21;56;93,29
"BIOPROJET PHARMA";2684;106418;10;1969;22;18;28;39,65
"LeMaitre Vascular SAS";947;105930;10;1443;50;32;70;111,86
"VIVISOL France";1426;104522;10;16000;28;21;38;73,3
"LABORATOIRE KCI MEDICAL";796;104484;10;1674;31;13;58,5;131,26
"HENRY SCHEIN FRANCE SCA";2422;104459;10;570;29;20;50;43,13
"ORIGIO France";636;104317;10;1200;59;22;233,25;164,02
"HRA PHARMA FRANCE";2362;104171;10;16000;26;17;39;44,1
"DIASORIN SA";1135;103347;10;3000;38;26;75,5;91,05
"C@RDISTIM";478;103300;11;1540;149;53;230;216,11
"S.O.S. OXYGENE GRAND OUEST";418;101050;10;6000;58;38;280;241,75
"SOS OXYGENE GARONNE";557;100798;12;5000;50;30;179;180,97
"Antadir Assistance SAS";1;1e+05;1e+05;1e+05;1e+05;1e+05;1e+05;1e+05
"NEWCLIP TECHNICS";344;99946;10;9737;52;22;182;290,54
"SANTELYS ASSOCIATION";996;99893;10;7000;28;18;122;100,29
"Laboratoires IPRAD PHARMA";2702;98499;10;1000;30;20;50;36,45
"PROCTER & GAMBLE FRANCE";1026;97756;11;6400;38;28;70;95,28
"NIDEK SA";872;97389;10;814;31;20;75;111,68
"ARCOS";443;97381;10;15000;50;31;74,5;219,82
"SOS OXYGENE MEDITERRANEE";624;95962;10;5000;33;25;105,25;153,79
"Sinclair pharmaceuticals limited french branch";702;95591;10;2105;26;19;39,75;136,17
"GLAXOSMITHKLINE SANTE GRAND PUBLIC";2215;94221;10;400;47;27;58;42,54
"LIMA FRANCE";204;93184;10;6500;197;52;438,5;456,78
"TELEFLEX MEDICAL SAS";1113;93123;10;1500;23;17;44;83,67
"SEPROPHARM INTERNATIONAL";2293;92993;10;3255;22;17;36;40,56
"TOP-Service für Lingualtechnik GmbH";22;92824;15;11438;4969;263,25;6656,25;4219,27
"LABORATOIRE NOVEX PHARMA";1242;92607;10;5063;23;17;28;74,56
"Karl Storz Gmbh and co KG";51;92469;12;10000;999;36;2931;1813,12
"ISIS DIABETE";222;91797;14;2653;191;61;573,25;413,5
"LVL MEDICAL GROUPE";15;91600;50;25000;5000;1375;6500;6106,67
"OXYPHARM";1323;91436;10;41400;22;17;35;69,11
"AX'AIR MEDICAL";251;90570;11;1410;240;77;476;360,84
"THUASNE";4151;90542;10;333;18;14;27;21,81
"BIOTECH DENTAL";1685;89767;12;5219;45;30;46;53,27
"LUCAS MEYER COSMETICS";281;89717;23;13746;100;75;150;319,28
"S.O.S. OXYGENE ATLANTIQUE";225;89618;10;5600;258;33;540;398,3
"SYSMEX FRANCE";807;88986;10;6000;33;22;67;110,27
"Accuray Europe";367;88757;10;7258;82;32;221;241,84
"Laboratoires CYCLOPHARMA";313;88621;13;12000;39;27;51;283,13
"LABORATOIRE RENAUDIN";18;88469;44;20989;185;99,25;8874,25;4914,94
"ALMIRALL SAS";858;87059;10;699;38;30;66,25;101,47
"EUROSILICONE SAS";1191;86784;10;1426;34;28;48;72,87
"LABORATOIRES NOREVA LED";817;86709;11;1542;52;28;67;106,13
"BIOPROTEC";292;86515;10;6000;54;40;60;296,28
"MEDICAL INNOVATION DEVELOPPEMENT";421;86436;12;1570;144;55;315;205,31
"GEISTLICH PHARMA FRANCE";198;85346;12;4750;95;26;704,25;431,04
"LCA S.A.";269;84319;30;1800;290;60;450;313,45
"BIOMET 3i";2291;83594;11;850;30;21;40;36,49
"Merit Medical France";307;83471;11;11405;55;27;197,5;271,89
"SMITHS MEDICAL FRANCE";467;83353;12;5991;62;53;93,5;178,49
"Weleda S.A.";804;83035;10;32500;33;21;47;103,28
"INGEN";575;82344;11;3209;63;52;70;143,21
"OBJECTIF PHARMA";920;82287;10;1753;51;25;94;89,44
"Beiersdorf s.a.s";1007;82233;10;1000;50;29;180;81,66
"SOS OXYGENE RHONE ALPES";665;81169;11;4000;48;30;150;122,06
"EUROFINS OPTIMED LYON";10;80308;600;45203;2525;1575;8681,25;8030,8
"DIAXONHIT";53;80120;18;13137;235;52;1280;1511,7
"MEDARTIS SARL";539;80079;10;5013;50;30;174,5;148,57
"TEOXANE FRANCE";800;80012;10;1250;39;31;82;100,02
"LABORATOIRE MENE ET MOY";3332;79858;11;35;23;23;27;23,97
"SATELEC SAS";233;79080;50;800;300;250;450;339,4
"cemka";468;78463;50;3600;80;80;80;167,66
"IPSEN INNOVATION";234;78433;10;5323;136;60;304;335,18
"PROTHEOS OUEST";245;78243;12;2654;39;28;294;319,36
"SOS OXYGENE VAR";554;78133;10;5760;40;26;149,75;141,03
"BALT INTERNATIONAL";416;77680;10;20000;34;19;144,25;186,73
"HEARTWARE FRANCE";450;76967;12;2002;58;30,5;190;171,04
"ELIA MEDICAL";709;76666;10;22000;50;34;65;108,13
"BIOM'UP";89;74943;43;9000;520;340;1070;842,06
"LABORATOIRE DES GRANIONS";3133;74082;10;3333;20;15;27;23,65
"OBL";36;73796;240;5886;1865;1041,25;3000;2049,89
"SM EUROPE";971;73743;10;715;58;37;88;75,95
"RE-IMAGINE Health Agency";680;73519;10;1106;46;43;168;108,12
"LABCATAL";1444;72807;10;6900;38;31;53;50,42
"EDWARDS LIFESCIENCES JAPON";170;72066;11;8011;161;41;202;423,92
"Advanced Accelerator Applications";185;71571;11;14400;37;21;63;386,87
"MANTARAY";669;71567;10;1384;43;33;60;106,98
"LFB BIOTECHNOLOGIES";73;71493;11;25000;92;46;236;979,36
"EVOLUTIS";284;71429;12;3830;61;40;160;251,51
"ELIA MEDICAL PARIS OUEST";1617;69875;10;276;39;27;50;43,21
"EXACTECH INTERNATIONAL OPERATION Ltd.";177;69754;12;9055;167;65;287;394,09
"THERMO FISHER DIAGNOSTICS";652;69313;12;10000;39;25;55;106,31
"BOIRON CARAIBES";1272;67598;10;4509;35;26;48;53,14
"EXACTECH FRANCE SAS";331;66835;15;8492;62;38;153;201,92
"The Medicines Company France SAS";779;66550;12;3126;23;20;39;85,43
"DUOTECH";202;66488;15;2872;180;44;459;329,15
"SOS OXYGENE PROVENCE";554;66356;10;6000;38;26;137;119,78
"Nobel Biocare Services AG";133;66074;13;4189;251;70;356;496,8
"Isis Méditerranée";319;66004;12;2100;52;26;212,5;206,91
"EDWARDS LIFESCIENCES CORPORATION";242;65972;10;8891;58;21;148;272,61
"SOS OXYGENE PAYS DE LOIRE";475;65648;11;5000;50;38;150;138,21
"Incyte Biosciences France";160;64610;10;13000;50;24;79;403,81
"Mérieux Université";258;64325;14;3360;124;53,5;171;249,32
"Sequent Medical Inc.";135;64204;13;5724;154;92;316;475,59
"INSTITUT GEORGES LOPEZ";29;63838;124;15000;1500;1000;2000;2201,31
"ELIA MEDICAL MEDITERRANEE";175;62072;11;15000;41;24;62;354,7
"CREAFIRST";153;61586;17;3500;183;53;600;402,52
"MEDICAL BEL AIR";117;61481;37;1800;330;42;954;525,48
"Medicalo2";25;61355;1244;3655;2425;2425;2804;2454,2
"MEDCARE";62;60869;12;7000;475;54,5;1314,75;981,76
"DENTALINOV";428;60700;22;1230;130;70;210;141,82
"LifeCell EMEA Limited";405;60022;10;1130;100;31;215;148,2
"MARINA";35;59865;16;4500;83;42,5;3600;1710,43
"ELEKTA SAS";224;58864;10;1888;157;35,5;393;262,79
"SWING TECHNOLOGIES";148;57981;10;2500;61,5;28;713;391,76
"ORTHO JET";338;57730;11;1680;47,5;26;70;170,8
"SHAMIR FRANCE SARL";712;57441;10;1252;31;20;90;80,68
"ORTHOFIX SA";2107;57426;10;85;25;16;37;27,25
"Sophysa";323;56563;17;5000;41;29;150;175,12
"SERF EXTREMITY";102;56469;10;8000;193,5;64;429;553,62
"ELIVIE";20;55970;300;10000;1230;1000;4437,5;2798,5
"QUANTEL MEDICAL";61;55542;17;48000;60;17;190;910,52
"HITACHI MEDICAL SYSTEMS SAS";399;55433;10;3160;33;24;49;138,93
"Health Advances";184;55287;37;550;309;257;323;300,47
"FRESENIUS VIAL";131;54678;17;2880;59;28;264;417,39
"ORTHO CLINICAL DIAGNOSTICS France";518;54650;11;1300;46;30;145;105,5
"ORTHOPAEDIC & SPINE DEVELOPMENT (OSD)";370;54474;11;2270;50;34;114;147,23
"prevor";123;54433;11;6645;159;68;231;442,54
"SANTE PLUS";46;54393;50;3490;1050;804;1275;1182,46
"optique sebastopol";25;53996;764;3100;3000;770;3100;2159,84
"CLINICPROSPORT SAS";55;53606;500;1408;961;900;1059;974,65
"ISIS COTE D'AZUR";321;52897;10;2200;45;28;163;164,79
"ZOLL Médical France";1541;52291;11;1900;20;16;25;33,93
"SOS OXYGENE BASSIN PARISIEN NORD Les Mureaux";10;52207;15;50000;29,5;19,75;38,5;5220,7
"AIXPER'F";793;52001;10;5382;21;16;36;65,58
"SAMSUNG ELECTRONICS FRANCE";831;51228;10;4740;40;29;55;61,65
"ELIAMM SARL";378;50922;12;775;60;47,25;147;134,71
"SOS OXYGENE FRANCHE COMTE";244;50788;10;15000;35;25;50;208,15
"XENIOS";174;50441;50;1500;250;167,25;330;289,89
"LABORATOIRE JALDES";2303;50346;10;200;20;20;23;21,86
"SOS OXYGENE ALSACE";274;49431;11;7500;42,5;21;150;180,41
"ATOS MEDICAL SAS";283;49358;23;8750;60;43;68,5;174,41
"MEDICREA Europe Francophone";409;49227;10;1493;42;27;75;120,36
"ICON CLINICAL RESEARCH SARL";71;49203;17;3986;786;67;1001;693
"LABORATOIRES CTRS";21;49017;26;12000;64;46;3000;2334,14
"VIROPHARMA SPRL";569;49000;10;1046;40;20;54;86,12
"Laboratoire CCD";1292;48790;10;2500;28;19;49,25;37,76
"Asept InMed";122;48769;12;5000;25;18;317,5;399,75
"BIOTEST AG";158;48614;12;10000;39;24;90,75;307,68
"CARMAT";373;48509;13;5357;59;30;179;130,05
"ABS-Bolton Medical";102;48364;11;6402;273;49;546;474,16
"SOS OXYGENE PARTICIPATIONS";45;47996;11;21000;22;19;34;1066,58
"SPECTRANETICS INTERNATIONAL B.V.";573;47907;10;1868;34;19;70;83,61
"SESC";795;47700;60;60;60;60;60;60
"OLYMPUS EUROPA SE & CO. KG";391;46993;12;3149;60;34;136;120,19
"CORIN FRANCE";434;46872;14;1000;56;43;140;108
"HEMA.T MEDICAL";246;46370;12;10000;40;30;60;188,5
"3S ORTHO";350;46043;10;11641;41,5;26;60,75;131,55
"PLASMA SURGICAL SARL";72;45806;12;5438;363;65;810,25;636,19
"FARCODERM France";42;45427;225;3500;600;600;1178,25;1081,6
"SPECTRANETICS FRANCE SARL";398;44901;10;7000;24;19;60;112,82
"EDITION DE L'INTERLIGNE";583;44887;12;779;60;60;60;76,99
"The Spectranetics Corporation";17;44735;240;10100;1784;420;3710;2631,47
"XNOV Distribution";1072;44713;10;1250;30;23;46;41,71
"PFM MEDICAL FRANCE";92;44687;12;15000;35;19;162,75;485,73
"Align Technology SAS";1052;44586;10;420;40;30;55;42,38
"SPINEVISION";468;44237;10;680;48;27;98;94,52
"Intercept Pharma France SAS";206;43850;12;10000;55;28;145,75;212,86
"TEKNIMED";42;43340;15;13600;30;22,25;91;1031,9
"OTTO BOCK FRANCE SNC";56;43293;52;7412;200;52;640;773,09
"RAPTOR PHARMACEUTICALS FRANCE";317;42938;10;2343;60;10;156;135,45
"SOS OXYGENE AUVERGNE";149;42733;10;6000;41;31;53;286,8
"SCIENT'X SAS";17;42627;67;7234;2895;321;3282;2507,47
"S2A SANTE ILE DE FRANCE";212;42551;11;15000;61,5;15;200;200,71
"BIOCYTEX";3;42369;9082;21419;11868;10475;16643,5;14123
"SUD OUEST ORTHOPEDIE";280;42297;10;1200;46;21;232,5;151,06
"AUDITION SANTE";534;42259;15;7000;18;18;25,75;79,14
"STEPHANIX";261;42243;11;5000;37;24;115;161,85
"Varian Medical Systems France Sarl";266;41604;10;5106;46;30;95,75;156,41
"Sigma-tau France";1855;41384;10;380;20;16;26;22,31
"INTEGRAL ORTHO";426;41378;14;1655;67;44,25;75;97,13
"ELIA MEDICAL PARIS";2;41000;18000;23000;20500;19250;21750;20500
"PHOENIX PHARMA";1260;40608;10;237;29;21;40;32,23
"Medicys Limited";242;40575;30;500;150;120;200;167,67
"Société des gaz industriels de la Guadeloupe";79;40567;12;3461;48;45;804,5;513,51
"Codexial Dermatologie";667;40285;10;12000;27;18;45;60,4
"AADAIRC";388;40250;10;982;33;18;150;103,74
"SPINEGUARD";94;40121;15;4118;115;37,25;393,25;426,82
"SOS OXYGENE REUNION St Paul";50;39990;176;2119;630;350,5;1175;799,8
"NEURAVI LIMITED";421;39853;11;6537;38;21;67;94,66
"AUDIOMEDI SAS";1123;39718;10;392;25;19;37;35,37
"ISIS PAYS DE LA LOIRE";49;39714;22;5773;280;34;950;810,49
"SA CERP BRETAGNE ATLANTIQUE";1201;39633;10;1720;25;18;35;33
"PHARMATHERA";1265;39607;10;520;27;18;40;31,31
"Laboratoires des Réalisations Thérapeutiques ELERTE";1703;39442;10;650;17;15;24;23,16
"APOLLO ENDOSURGERY UK LTD";195;39323;11;3400;57;26;320;201,66
"Cerus Corporation";113;38981;13;4565;95;44;301;344,96
"SOPRO ACTEON Group";55;38747;25;3000;500;160;1000;704,49
"SEPTODONT SAS";235;38601;11;2059;134;64;142;164,26
"MACO PHARMA";220;38556;23;4180;106;60;158;175,25
"ASTON MEDICAL Anciennement SOCIETE DE GENIE MEDICAL - S.G.M.";657;38429;10;1134;34;23;52;58,49
"EXPERF PACA";1047;37932;10;4000;23;19;28;36,23
"GC Orthodonics Europe GmbH";352;37700;11;727;37;24;228;107,1
"ULURU SANTE / VIGIE Pharma";664;37557;10;240;40;40;80;56,56
"Carl Zeiss Vision France";1409;37424;10;94;25;18;33;26,56
"LABORATORY IMPLANT MEDICAL DEVICE - LIMMED";97;37035;30;2150;110;80;650;381,8
"SAFE ORTHOPAEDICS";397;36911;10;756;37;23;61;92,97
"Topcon SARL";370;36851;11;1264;38;31;46;99,6
"OXYVIE S.A.S";5;36673;3000;22073;4000;3600;4000;7334,6
"OLEA MEDICAL S.A";93;36541;10;2586;191;68;479;392,91
"HALYARD France";152;35962;30;1384;115,5;50;400;236,59
"MEDICONSEIL";352;35910;13;2290;41;26,75;60;102,02
"alliance healthcare repartition";1281;35810;10;45;28;21;35;27,95
"Ortho-Clinical Diagnostics France";326;35727;10;1006;35,5;23,25;60;109,59
"Applied Medical France";156;35551;11;5000;23;18;51,25;227,89
"PTC Therapeutics France SAS";232;35476;11;1199;108,5;45;185;152,91
"NOVARTIS SANTE FAMILIALE SAS";280;35428;20;854;129;36;147,25;126,53
"SOS OXYGENE SUD LOIRE";198;35371;12;1500;48,5;39;149,5;178,64
"Agfa HealthCare France SA";294;35318;11;7810;27,5;15;39;120,13
"S.O.S. OXYGENE NORMANDIE";216;35091;10;1325;57,5;38;199,25;162,46
"LIFE PARTNERS EUROPE";95;35012;21;1496;300;148,5;384;368,55
"MORIA LASE";11;35000;2500;7500;2500;2500;2500;3181,82
"A.I.R.";46;34616;20;3531;650,5;300;1025,75;752,52
"MICROPORT ORTHOPEDICS";241;34589;13;610;65;36;178;143,52
"BLOCKADE MEDICAL, LLC";119;34576;10;7500;28;25;47;290,55
"SA MEDICOSCOP";613;34575;10;1450;30;23;54;56,4
"ANTHOGYR";1278;34533;10;334;23;18;29;27,02
"PERF NUT ASSISTANCE SUD EST";339;34452;10;5000;45;25;150;101,63
"PROFIL ORTHOPEDIE";728;34389;10;108;50;32,75;65;47,24
"AFFINITES SANTE";132;34334;19;1500;124;59;400,5;260,11
"S.O.S. OXYGENE SUD";297;34090;12;5000;36;28;65;114,78
"Eckert & Ziegler BEBIG";35;34062;20;8000;546;151;991,5;973,2
"3M Deutschland GmbH";136;33946;10;4500;98,5;72;162;249,6
"carco";141;33669;54;622;59;59;622;238,79
"LABORATOIRES LEHNING SAS";161;33449;30;980;175;100;275;207,76
"NANOBIOTIX S.A.";85;33419;13;4736;223;124;420;393,16
"Kantar Health";7;33342;122;19020;1900;1050;5100;4763,14
"STRAUB MEDICAL (France)";247;32937;11;995;55;25;146;133,35
"SPINEWAY";92;32084;13;2034;82;31,25;429,5;348,74
"accomed";93;31821;15;1462;205;25;460;342,16
"SOS OXYGENE CENTRE";414;31512;10;6600;33;21;46;76,12
"Vertex Pharmaceuticals Incorporated";511;31480;11;11400;20;17;23;61,6
"MERZ PHARMACEUTICALS GmbH";165;31231;12;681;204;53;300;189,28
"MEDICO FRANCE";31;31025;20;2145;500;47,5;2145;1000,81
"SEMES";610;30928;28;60;51;45;60;50,7
"PURESSENTIEL";228;30556;30;730;110;80;150;134,02
"BAXALTA FRANCE SAS";441;30537;11;5160;23;18;28;69,24
"Merck Medication Familiale";297;30279;10;15250;27;18;36;101,95
"HELP ORTHO PRODUCTION";315;30192;10;1818;44;28;74;95,85
"Brainlab";144;30100;10;4000;102;30,75;210,75;209,03
"SADIR ASSISTANCE";204;29956;12;1440;41;28;184;146,84
"IMPACT MEDICOM";20;29400;1000;8000;1000;1000;1200;1470
"SYSTAGENIX WOUND MANAGEMENT FRANCE";110;28825;10;1500;17;11;150;262,05
"Devicor Medical";65;28786;100;1245;478;198;615;442,86
"YPSOMED SAS";1353;27975;10;310;15;10;25;20,68
"ADS ALSACE";85;27903;10;10000;21;15;30;328,27
"MASIMO";468;27899;10;382;45;22;73;59,61
"Terumo BCT Europe SA";440;27821;12;683;40;23;52;63,23
"C2F IMPLANTS";325;27748;10;2075;34;23;60;85,38
"BAUERFEIND FRANCE";876;27732;10;160;26;18;30;31,66
"ADAIR";227;27696;12;930;60;29;200;122,01
"Laboratoire de correction auditive d'Aix en Provence";31;27677;215;2209;660;430;1792;892,81
"Laboratoires Bailleul";713;27598;12;53;47;23;50;38,71
"COLOPLAST A/S";128;27504;14;4570;75;40;166;214,88
"SOS OXYGENE NORMANDIE";121;27371;15;1200;38;28;300;226,21
"AIR LIQUIDE SANTE FRANCE";829;27359;10;5000;14;12;35;33
"NIPRO FRANCE";806;27130;10;117;29;20;43,75;33,66
"PERF NUT ASSISTANCE NORD";569;27118;10;700;30;19;53;47,66
"HOMEDIS SANTE";61;27067;50;1732;280;178;554;443,72
"SNC LCA de NICE";154;26539;34;4040;34;34;134;172,33
"DFINE Inc";2;26332;6701;19631;13166;9933,5;16398,5;13166
"AMC APPAREILLAGE ET MATERIEL DE CARDIOLOGIE";139;26281;14;1455;50;50;50;189,07
"IVTEC (Iol Vision Technology)";54;26195;10;2700;40;21;512,5;485,09
"RANBAXY PHARMACIE GENERIQUES";920;26126;10;60;26;20;35;28,4
"SOS OXYGENE CENTRE OUEST";120;25959;14;3000;49;29,75;210;216,32
"CORREVIO";495;25769;10;876;24;20;36;52,06
"Bisico";8;25727;371;7058;3079;1004,25;4850,75;3215,88
"Medline International France SAS";346;25620;10;650;34;20;75;74,05
"S.O.S. OXYGENE BRETAGNE";144;25572;11;4500;35;25;106,5;177,58
"SOS OXYGENE ANTILLES";82;25396;19;6600;59;41,25;83;309,71
"PFIZER INTERNATIONAL OPERATIONS";141;25344;16;1112;103;58;230;179,74
"GROUPE SEBBIN";601;25306;11;800;35;25;49;42,11
"Laboratoires AUVEX";1264;25290;10;77;13;10;30;20,01
"DIABSANTE";10;25169;495;6000;2250;1755,5;3000;2516,9
"Schulke France SARL";132;25133;19;2500;70;35;150;190,4
"PHARMACTIV DISTRIBUTION";732;24851;12;68;32;25;42;33,95
"SOS OXYGENE PYRENEES CENTRE";49;24816;30;2000;400;264;800;506,45
"COLGATE PALMOLIVE EUROPE SARL";6;24500;171;12000;3000;1527,5;4719,25;4083,33
"Glaukos Corporation";17;24112;31;5000;1000;1000;1500;1418,35
"Laboratoires SVR France";500;23844;10;229;47,5;28;61;47,69
"XNOV";90;23803;16;4111;178;117;265;264,48
"BRAHMS GmbH";40;23655;27;5000;400;135,5;800;591,38
"SuperSonic Imagine";120;23486;12;4655;34;25;170,25;195,72
"PROXILIO";330;23410;10;1680;21;17;33;70,94
"SYNAPSE SANTE";270;23366;14;1900;26;19,25;45,75;86,54
"VOLCANO EUROPE BVBA/SPRL";332;23311;10;1464;22;16;40;70,21
"Aegerion Pharmaceuticals";59;23199;10;9000;59;37;309,5;393,2
"BRISTOL-MYERS SQUIBB COMPANY";36;23078;14;7320;50;25;302,5;641,06
"Roche Diagnostics International Ltd";25;22930;30;10000;274;115;400;917,2
"KYD ORTHOPEDIE";328;22895;10;2000;25;18;43;69,8
"ERYTECH Pharma";18;22878;69;7084;478;194;1115,5;1271
"StratLab81";115;22850;50;500;200;120;250;198,7
"Lipomed GmbH";18;22701;23;3000;1404,5;53,75;2375;1261,17
"ARAIR Assistance";50;22596;174;842;403;303,5;551;451,92
"RESEARCH NOW SAS";786;22503;10;98;25;19;30;28,63
"INVENTIVA";59;22496;92;1180;350;92;568;381,29
"Abiomed GmbH";331;22350;10;760;32;18;64;67,52
"BEST OF OPTIMIZERS";114;22340;100;250;200;160;250;195,96
"Novo Nordisk Production SAS";3;22322;161;22000;161;161;11080,5;7440,67
"Small Bone Innovations International SAS";182;22224;11;3300;29;24;104,75;122,11
"SomnoMed France";223;22035;11;1170;40;24;113;98,81
"AMO Germany GmbH";9;22020;1380;5000;2300;2300;2300;2446,67
"HD MEDICAL";303;21666;16;1500;32;28;40;71,5
"AUDIOCONSULTING";39;21405;67;868;626;248;678;548,85
"BONNET SOUYRIS PROSPECTIVE";204;21330;50;300;90;80;100;104,56
"ALERE SAS";215;21291;12;600;35;24;63,5;99,03
"BIOTEST FRANCE SAS";81;21207;11;2087;58;45;304;261,81
"RADIOMETER SAS";171;21021;10;2500;30;17;40;122,93
"EM Services";44;20734;35;1180;500;211,5;716;471,23
"ADVICENNE";257;20700;11;5000;19;14;20;80,54
"DEBREGEAS ET ASSOCIES PHARMA";4;20538;1538;12000;3500;1884,5;6750;5134,5
"AXDOM VAR";806;20335;12;700;23;20;27;25,23
"EDWARDS LIFESCIENCES ITALIE";113;20329;15;4110;57;27;184;179,9
"AMO INC USA";23;20256;11;5683;60;51;213;880,7
"LABORATOIRES GILBERT";21;20127;240;3000;827;767;922;958,43
"AGILENT TECHNOLOGIES FRANCE";91;19868;11;5800;40;19,5;77;218,33
"Laboratoire Kreussler pharma";4;19825;1500;8000;5162,5;2118,75;8000;4956,25
"GUILDE DES LUNETIERS";13;19620;278;2084;2084;600;2084;1509,23
"LABORATOIRES CLARINS";6;19551;2942;4000;3088,5;3032;3336,25;3258,5
"HANSATON";522;19228;10;489;23;20;35;36,84
"PROSTEEL";174;19154;13;1094;50;40;65;110,08
"Laboratoires Doliage";426;18999;11;350;50;35;50;44,6
"CARESTREAM HEALTH FRANCE";462;18920;10;477;26;20;39;40,95
"AMICUS THERAPEUTICS SAS";102;18884;14;5000;30,5;19;60;185,14
"Société Martiniquaise de l'Air Liquide";88;18855;23;1385;107,5;40;279,5;214,26
"PERF NUT ASSISTANCE MIDI PYRENEES";351;18812;10;795;29;21;41;53,6
"Coloplast Manufacturing France";55;18716;11;5000;81;50,5;215;340,29
"EUROSPINE SARL";63;18643;23;4000;50;27,5;109,5;295,92
"SOS OXYGENE BASSIN PARISIEN NORD";158;18404;13;2200;38;30;200;116,48
"MEDICAL AXÈS";48;18274;30;1303;343,5;203;590;380,71
"EPISKIN";8;18213;24;15697;190,5;83;971,25;2276,62
"ARAIRCHAR";82;18125;44;1150;209;88;282,25;221,04
"MARQUE VERTE WELCOOP SANTE";742;17877;10;53;22;17;30;24,09
"NOVASTEP";95;17832;22;1532;158;56;243,5;187,71
"OTR3";3;17758;86;16000;1672;879;8836;5919,33
"GRIFOLS France";867;17706;11;710;19;16;20;20,42
"PathoQuest SAS";10;17500;1500;2000;1750;1500;2000;1750
"ZYDUS FRANCE";186;17431;12;874;49;25;98,75;93,72
"Dominique TATE";43;17372;100;1200;250;120;600;404
"OMNIS MEDICA";41;17358;19;1237;313;37;699;423,37
"EYETECHCARE";45;17175;10;3748;50;29;170;381,67
"Synageva BioPharma SAS";252;17154;15;995;25;23;40;68,07
"Biomet Inc";158;17071;11;1947;60;27,75;122;108,04
"PhoneResearch";429;17070;15;70;15;15;70;39,79
"Audika Groupe SA";341;17047;13;1179;43;30;55;49,99
"NEOVII PHARMACEUTICALS AG";48;17009;115;737;308;240;450;354,35
"Laboratoires TONIPHARM SARL";160;17000;50;250;50;50;250;106,25
"NORAKER";64;16985;14;770;285;68,75;462;265,39
"COUSIN BIOTECH";82;16881;15;1247;136;41;287;205,87
"NELLI MEDICAL";50;16755;11;1502;59;33,25;722,5;335,1
"Julius Zorn GmbH";145;16716;11;860;35;23;51;115,28
"SANOTEK";78;16682;14;3800;38;36;114,5;213,87
"CAREFUSION FRANCE 309 SAS";138;16586;10;1948;40,5;18;100;120,19
"LABORATOIRES NIGY";412;16576;11;60;39;33;49;40,23
"EXPERF LANGUEDOC ROUSSILLON";420;16546;10;1973;22;17,75;27;39,4
"BIOMET GLOBAL SUPPLY CHAIN CENTER B.V.";42;16523;14;1508;376;162,5;569,5;393,4
"COUSIN ENDOSURG";149;16379;10;1238;29;21;48;109,93
"Mdoloris Medical Systems";11;16370;376;5314;1005;578;2010,5;1488,18
"EXPERF NORD";699;16366;10;500;21;16;26;23,41
"EXPERF RHONE ALPES";306;16177;10;1230;22;17;28,75;52,87
"SARL DLMEDICAL";92;16147;18;1900;47,5;36,25;83,25;175,51
"DIAGAST";285;15813;17;4200;21;17;21;55,48
"GROUPE LEPINE";78;15736;15;2200;49,5;31;112,25;201,74
"SOS MEDICAL";118;15736;13;2140;28;19;38,75;133,36
"SAS ORTHO OUEST";139;15529;12;1061;40;25,5;66;111,72
"OWEN MUMFORD";15;15470;75;3000;676;311;1500;1031,33
"IXXI";723;15468;10;100;16;13;22;21,39
"PEGASE";119;15372;10;765;58;58;157;129,18
"CSA";51;15360;50;700;190;85;500;301,18
"RNP SANTE";87;15274;11;702;71;58;275,5;175,56
"CLS Paris";98;15223;15;1989;29;22;49;155,34
"ONXEO";81;15134;11;3313;32;23;204;186,84
"Orion Corporation Orion Pharma";22;15050;15;3137;600,5;205;945,25;684,09
"PneumRx Ltd.";32;15043;32;1512;233,5;147,75;783;470,09
"LFB BIOMANUFACTURING";1;15000;15000;15000;15000;15000;15000;15000
"CIZETA MEDICALI France";656;14898;10;177;18;15;24;22,71
"Adept Field Solutions";92;14897;10;250;150;150;180;161,92
"ALPHATEC SPINE INC";4;14717;33;12798;943;571,5;4050,75;3679,25
"Dexter";281;14589;10;567;32;23;54;51,92
"Alimera Sciences France";22;14570;210;3460;552,5;353,5;679;662,27
"ISIS MARTINIQUE";7;14498;647;3342;2254;1455;2672,5;2071,14
"LABORATOIRE EREMPHARMA";58;14256;14;8000;27;21;31;245,79
"Illumina France";18;14221;11;5000;125;48;1022,5;790,06
"EXPERF MIDI PYRENEES";200;14005;11;636;25;21;31;70,03
"AtriCure, Inc.";130;13991;10;3375;45;20;65;107,62
"GIE DIALYSE SERVICES";126;13972;13;984;42;24;132;110,89
"BIOTRONIK SE & Co. KG";161;13948;15;485;55;24;126;86,63
"Genen-Tech Inc";5;13734;1774;5175;2207;1946;2632;2746,8
"GC FRANCE SAS";417;13712;10;161;25;20;39;32,88
"ALVIMEDICA Medical Technologie France";444;13623;10;135;25;18;46;30,68
"EXPERF AQUITAINE";275;13614;10;500;28;19;41;49,51
"SIRONA DENTAL SYSTEMS SAS";341;13543;10;250;39;23;50;39,72
"Agence Conseil 3P";13;13526;24;4272;219;57;1674;1040,46
"PFIZER SANTE FAMILIALE";367;13526;10;659;21;20;60;36,86
"SA LANDANGER";135;13502;10;776;47;20;99,5;100,01
"CROMA FRANCE SASU";330;13346;13;800;29,5;23;39,75;40,44
"Bristol-Myers Squibb EMEA";37;13324;13;4256;175;56;347;360,11
"OLYMPUS CORPORATION";22;13245;12;4832;182,5;36,25;272,25;602,05
"INNATE PHARMA";148;13064;11;635;28;21;84,25;88,27
"MONATH ELECTRONIC SARL";63;12974;85;500;150;100;285,5;205,94
"Biosphere Medical, S.A.";161;12883;21;618;64;25;95;80,02
"PHYSIDIA";104;12804;15;2033;24;22;107;123,12
"SOS OXYGENE SUD ALSACE";104;12630;14;1000;35;24;58,25;121,44
"SARL DOMORTHO";23;12601;60;1460;460;126;947;547,87
"Ventana Medical Systems, Inc.";20;12557;50;7618;169;131;356;627,85
"SARL RR CONSEIL";66;12410;60;460;60;60;460;188,03
"UNIVERSAL MEDICA";258;12335;19;194;48;44;54;47,81
"GIVEN IMAGING";120;12242;11;553;40;21,75;166,75;102,02
"ISIS NORMANDIE";246;12010;14;550;38;20;60;48,82
"AX'PERF MEDICAL";78;11970;20;422;115;70;226;153,46
"ATLANTIC SURDITE";12;11900;780;2050;780;780;780;991,67
"PANPHARMA";13;11863;35;4800;300;165;1000;912,54
"THERADIAG SA";323;11817;10;244;22;19;45;36,59
"medwork France";57;11753;11;600;250;29;335;206,19
"AGFA Healthcare Imaging Agents France";235;11637;21;249;48;37;53;49,52
"MENIX GROUP";182;11496;13;249;60;39;82;63,16
"Roche Diagnostics Operations, Inc.";20;11444;38;7618;159;103;214,75;572,2
"LIFE TECHNOLOGIES SAS";114;11342;12;1175;25;18,25;51,75;99,49
"FX SOLUTIONS";30;11149;42;3440;186,5;137;397;371,63
"InterMune International AG";169;11139;15;180;33;15;74;65,91
"Homeperf";96;11106;16;2000;25;20;30;115,69
"SOS OXYGENE CHAMPAGNE ARDENNES";75;11028;11;1500;65;38;175,5;147,04
"OrthoZ";191;10936;15;663;54;39,5;62;57,26
"DUFLOT SANTE";43;10876;25;1700;39;34;140;252,93
"Société Guyanaise de l'Air Liquide";15;10846;20;1761;668;313;940,5;723,07
"DENTAURUM FRANCE";72;10724;13;593;49;13;351;148,94
"PSI CRO AG";9;10697;113;5000;571;130;1383;1188,56
"mark'ennovy SARL";205;10667;15;62;53;49;58;52,03
"Kimberly-Clark SAS";28;10657;95;828;390;370;390;380,61
"Grey Healthcare Paris";80;10654;10;750;88;80;128,75;133,18
"STENTYS S.A";96;10571;14;750;34;24;72,25;110,11
"OSTEOMED";99;10546;23;1315;29;29;29;106,53
"laboratoire de correction auditive Sylvain Chopinaud";17;10500;400;780;780;440;780;617,65
"3-D Matrix Europe SAS";12;10199;15;4020;39;22,5;1500;849,92
"DDS Assistance";421;10096;11;2020;20;17;20;23,98
"LABORATOIRES SUPER DIET";342;10062;10;1000;13;10;19;29,42
"ESSOR FRANCE";95;10044;12;429;42;27;158;105,73
"GRAFTYS SA";25;10043;16;4192;196;39;404;401,72
"LUCANE PHARMA";28;9979;22;3000;127,5;74,5;205,5;356,39
"Echosens";7;9977;22;4610;539;403;2000;1425,29
"Biomet Japan, Inc.";1;9974;9974;9974;9974;9974;9974;9974
"AIR SANTE";51;9873;11;3400;44;26,5;136;193,59
"Medtech";68;9838;10;1000;64;31,5;121,5;144,68
"Intercept Pharmaceuticals Inc.";40;9744;12;4558;66;39;178,5;243,6
"France Oxygène";279;9733;11;265;30;22;40;34,89
"Buhlmann France";39;9718;17;2000;126;60,5;198;249,18
"Interactive Biosoftware";1;9702;9702;9702;9702;9702;9702;9702
"Transgene SA";67;9676;15;1035;53;35;144;144,42
"BEAUTE PRESTIGE INTERNATIONAL";3;9609;984;5000;3625;2304,5;4312,5;3203
"EXPERF VAUCLUSE DROME";319;9267;10;1465;12;11;17;29,05
"WEINMANN SAS";304;9169;11;242;28;21;33;30,16
"VITALITEC INTERNATIONAL";120;9149;12;520;40;22;65;76,24
"SOS OXYGENE GRAND EST";64;9002;15;1419;40,5;30;140,5;140,66
"Cyberonics BVBA";63;8960;16;3126;52;20;108;142,22
"KOMET FRANCE";420;8937;10;197;19;16;21;21,28
"Primax";234;8923;11;157;36;25,25;46;38,13
"ELIA MEDICAL OUEST";273;8911;12;150;29;22;38;32,64
"EXPERF PYRENEES ORIENTALES";128;8908;10;400;50;25;60;69,59
"NEOSTEO";17;8890;13;2745;130;24;762;522,94
"cardipulse";69;8889;13;1020;66;43;108;128,83
"SARL PROTHYS";67;8818;10;1300;58;26;200;131,61
"OST DEVELOPPEMENT";149;8807;13;559;43;26;63;59,11
"SCHWA-MEDICO FRANCE";26;8758;100;1200;290;200;435,5;336,85
"RUNESCENCE";11;8715;75;2170;75;75;1575;792,27
"PERF NUT ASSISTANCE LANGUEDOC ROUSSILLON";68;8699;29;3600;40;40;52;127,93
"WEINMANN EMERGENCY FRANCE";77;8690;13;3250;35;26;56;112,86
"RIVORTHO";185;8683;10;647;40;25;49;46,94
"Astellas Pharma Singapore Pte. Ltd.";7;8653;64;7659;203;119;244,5;1236,14
"SAM TECHNI-PHARMA";79;8598;11;1650;45;23;45;108,84
"LABORATOIRE DE CORRECTION DE LA SURDITE";11;8580;780;780;780;780;780;780
"HORMETA FRANCE";170;8539;10;386;30;19;38,5;50,23
"Biocompatibles UK Ltd";84;8469;10;1016;10;10;62;100,82
"ULTRAGENYX PHARMACEUTICAL INC.";37;8399;28;3727;55;28;170;227
"HOSPIDOM";100;8350;23;1780;41;25;55;83,5
"HEMODIA SAS";236;8310;11;500;28;21;34;35,21
"SOS OXYGENE REUNION";14;8303;280;2639;280;280;570,5;593,07
"ANERA";7;8260;627;2333;780;703,5;1556,5;1180
"KCI MEDICAL (CHINA) CO. LTD.";1;8183;8183;8183;8183;8183;8183;8183
"CONMED France";49;8127;13;1250;50;26;216;165,86
"PTC THERAPEUTICS  INTERNATIONAL LIMITED";22;8122;10;4000;112,5;53;244;369,18
"MICROVAL";31;8109;11;1818;108;26;340,5;261,58
"AUDIOELYSCAU";7;8107;627;2333;780;627;1556,5;1158,14
"RAPTOR PHARMACEUTICALS FRANCE SAS";22;8093;104;1594;320;152;471,75;367,86
"Innothera Services";49;8046;11;889;126;86;225;164,2
"MEDITEX";3;8046;2333;3380;2333;2333;2856,5;2682
"ASPIDE AESTHETIC";65;8037;12;1400;19;13;50;123,65
"ACIST Europe BV";66;7860;16;760;47;39,25;54;119,09
"PERF.U.LOR GROUPE";235;7819;12;718;22;18;26;33,27
"INSMED INCORPORATED";53;7803;10;860;38;18;174;147,23
"PROBACE MEDITEC";347;7762;10;50;22;17;25;22,37
"SANTEO";102;7738;11;800;30;23,25;65,25;75,86
"EVALYS SAS";39;7698;23;842;106;48;252;197,38
"Audition DEBRUILLE";6;7674;668;2333;780;780;1944,75;1279
"KEBOMED";36;7647;17;800;230;37;350;212,42
"LABORATOIRES JUVISE PHARMACEUTICALS";134;7629;12;1198;32;26;41;56,93
"ESAOTE Medical";60;7613;13;2000;33;18;51;126,88
"S.O.S OXYGENE SUD";107;7600;10;624;34;26;49,5;71,03
"SANOFI CHIMIE";9;7556;256;2000;500;500;1000;839,56
"MedDay Pharmaceuticals";16;7541;62;2388;454;83;605,5;471,31
"HOME AIR";61;7519;12;1800;29;25;34;123,26
"CENTRALE DES OPTICIENS";1;7500;7500;7500;7500;7500;7500;7500
"IMPLANTS SERVICE ORTHOPEDIE";233;7498;12;110;26;19;44;32,18
"LV2";84;7379;13;988;17;13;110;87,85
"LABORATOIRE CORRECTION AUDITIVE DRAGUIGNAN";23;7369;50;626;351;350;416;320,39
"Laboratoires Crinex";280;7367;10;65;25;19;31;26,31
"Laboratoires URSAPHARM SAS";141;7364;10;500;35;19;50;52,23
"LA DIFFUSION TECHNIQUE FRANCAISE";27;7341;23;1459;131;45;297;271,89
"AIR LIQUIDE MEDICAL SYSTEMS";46;7305;10;590;150;37,25;198,75;158,8
"Kavo Dental SAS";19;7304;16;2300;20;18;36,5;384,42
"BRACCO IMAGING SPA";31;7267;12;5104;13;12;17;234,42
"ADS CHAMPAGNE ARDENNE";88;7254;17;680;43;30;64,25;82,43
"TOURS CERAM";110;7221;12;1000;59;48;65;65,65
"BRACCO SUISSE SA";2;7157;3065;4092;3578,5;3321,75;3835,25;3578,5
"SOS OXYGENE PAYS DE LOIRE NORD";70;6948;12;1046;38;28;144,25;99,26
"Laboratoire Eneomey";287;6943;11;31;23;23;27;24,19
"Alcura France";193;6912;10;235;30;20;41;35,81
"Laboratoires Nicox";176;6912;11;60;35;26;60;39,27
"SOCIETE CARIBEENNE DE L'AUDITION";4;6860;1715;1715;1715;1715;1715;1715
"In2Bones";51;6850;13;700;43;33,5;116;134,31
"EUROSAFE";7;6795;75;2520;300;225;1725;970,71
"BIOMATLANTE SA";4;6782;217;4728;918,5;262;2352;1695,5
"Merit Medical Asia Co., Ltd";14;6693;20;3759;92;28;304,5;478,07
"Springer Science+Business Media France";4;6684;184;3463;1518,5;796;2393,5;1671
"SARL ORLEANS AUDIOPROTHESE";18;6650;41;780;41;41;780;369,44
"OrpheliPharm";69;6589;28;478;28;28;135;95,49
"CORDIS";42;6517;14;5000;34,5;26,25;50;155,17
"K. PARTICULIER";12;6463;30;1575;491;76;850;538,58
"MEDIOUTREMER";74;6394;15;1665;25;25;26;86,41
"IMS HEALTH SAS";17;6384;110;776;297;154;414;375,53
"EXPERF AUVERGNE";255;6310;10;300;18;15;22;24,75
"INVACARE POIRIER SAS";37;6296;15;1436;15;15;15;170,16
"SOS OXYGENE GRAND SUD";45;6289;16;950;50;25;200;139,76
"DISTRICLASS MEDICAL SA";20;6288;19;2000;70;38;225;314,4
"THERMO ELECTRON SAS";91;6197;11;539;43;25;82;68,1
"CHEMO S.A. FRANCE";8;6180;380;1800;500;500;1000;772,5
"ENTENDRE";9;6160;350;780;780;780;780;684,44
"LES SALONS DU PALAIS ROYAL SHISEIDO";3;6158;1564;2436;2158;1861;2297;2052,67
"MEDICREA INTERNATIONAL";18;6101;19;1934;113;73;155;338,94
"INOVITALE";21;6054;18;932;196;119;335;288,29
"SARL LABORATOIRE DUPONT";36;6048;30;328;167,5;146;209;168
"DENTSPLY IH K.K.";3;6046;445;4719;882;663,5;2800,5;2015,33
"Audition Martin";7;6040;192;2500;780;504;780;862,86
"LARS";1;6000;6000;6000;6000;6000;6000;6000
"PUBLICIS LIFE BRANDS";18;5982;67;747;279;81;593;332,33
"LABORATOIRE ATO-ZIZINE";128;5966;21;553;41;22;41;46,61
"RICHARD WOLF FRANCE";18;5928;25;1000;359,5;110;500;329,33
"Lysogene";18;5921;20;2000;85,5;33;103,75;328,94
"Renishaw Mayfield";10;5862;61;1501;500;425;500;586,2
"Diamed GmbH";8;5837;11;2500;155,5;11;994,75;729,62
"SOS OXYGENE RHONE ALPES Vaulx";62;5797;14;330;50;38;150;93,5
"Bristol-Myers Squibb Corée";3;5758;284;4748;726;505;2737;1919,33
"ArthroCare France";36;5737;13;447;169;61,25;186;159,36
"ALLP MEDITEC";157;5724;12;118;30;24;46;36,46
"AUDITION OUTRE MER";26;5633;33;1374;158;66;201;216,65
"EXPERF ISERE";98;5621;11;1000;23;18;26;57,36
"MEDIVAL OUTRE-MER";162;5607;14;57;36,5;25;44;34,61
"Kuraray Europe France";57;5604;15;1818;16;16;16;98,32
"FINANCIERE BATTEUR";7;5454;380;900;840;817;850;779,14
"ARGON MEDICAL DEVICES";148;5449;15;62;36;24;46;36,82
"SAS IOVIE";18;5414;30;1020;188;98,25;276,5;300,78
"RONIN Corporation";76;5410;15;110;70;70;110;71,18
"InnOpath sarl";12;5387;97;1069;302;254,5;625,5;448,92
"chris eyes";166;5372;10;500;16;13;29,75;32,36
"FLUOPTICS";18;5355;19;1215;54;24,25;368,75;297,5
"ImmunoDiagnostic Systems SAS";46;5328;17;556;42,5;21,5;217,5;115,83
"ACM";89;5313;15;315;42;30;56;59,7
"Drägerwerk AG & Co. KGaA";11;5230;10;2552;34;28,5;195;475,45
"MBAR ASSISTANCE RESPIRATOIRE";7;5140;28;2500;50;31;1250;734,29
"CAB";16;5060;50;990;50;50;790;316,25
"Philippe Briere - Agent Commercial";6;5035;68;1620;851,5;82,75;1576;839,17
"VEODIS";151;5026;11;107;26;16,5;39;33,28
"SUN PHARMACEUTICALS FRANCE";1;5000;5000;5000;5000;5000;5000;5000
"LABORATOIRE DE LA MER";102;4902;13;724;31;20;33;48,06
"AUDITION B&H";12;4896;36;780;408;36;780;408
"EQINOX HEALTHCARE FRANCE";173;4862;15;53;26;20;32;28,1
"LKN MEDICAL SARL";130;4858;17;250;33;26;43;37,37
"IST cardiology";24;4772;29;608;144;95;238,25;198,83
"Laboratoire PEDIACT";248;4769;10;60;16;13,75;22,25;19,23
"ISIS PARIS SUD";125;4717;12;73;39;24;50;37,74
"ISIS MIDI PYRENEES";161;4693;12;103;25;18;34;29,15
"SUBSTIPHARM DEVELOPPEMENT";7;4638;29;2509;86;44;963;662,57
"3M United Kingdom PLC";6;4594;94;3150;350;200,75;461,75;765,67
"EG LABO - LABORATOIRES EUROGENERICS";119;4594;16;75;35;30;39;38,61
"ASSISTANCE DU GRAND EST";110;4574;12;230;34;19;55;41,58
"Leica Microsystèmes SAS";74;4567;11;1000;23;14,25;40;61,72
"AIR LIQUIDE SANTE (INTERNATIONAL)";25;4524;22;499;160;50;274;180,96
"SANOFI WINTHROP INDUSTRIE";4;4500;900;1700;950;900;1175;1125
"ISIS LANGUEDOC ROUSSILLON";20;4496;10;1637;33;25,25;177,5;224,8
"LABORATOIRES GRIMBERG SA";128;4415;10;54;40;30;40;34,49
"BIO-RAD Laboratories Limited";2;4403;213;4190;2201,5;1207,25;3195,75;2201,5
"AIR A DOMICILE";95;4402;15;593;31;21;34;46,34
"Aide aux Insuffisants Respiratoires de la Région Auvergne (A.I.R.R.A.)";10;4362;17;800;536,5;113,75;673;436,2
"CVRx Inc.";48;4328;13;775;50;30;88,25;90,17
"LABORATOIRE CORRECTION AUDITIVE ST RAPHAEL-FREJUS";10;4292;67;2390;242;83,75;350,75;429,2
"ARJOHUNTLEIGH";187;4214;12;192;21;14;25;22,53
"LONGUEUR D'ONDES";14;4171;15;681;217;102,25;522,25;297,93
"CRISTERS";92;4165;25;65;50;35;51,75;45,27
"LABORATOIRE DE CORRECTION AUDITIVE DE MARTIGUES";6;4150;640;950;640;640;640;691,67
"Ouïe Fine";2;4115;1275;2840;2057,5;1666,25;2448,75;2057,5
"BIODIMED Conseils";1;4080;4080;4080;4080;4080;4080;4080
"Sarl Audioptique Conseil";8;4025;45;1870;45;45;934;503,12
"CORTEX VISION TECH";6;4022;24;1600;617,5;409;772;670,33
"SARL AUDITION AQUITAINE";6;3928;228;780;780;630;780;654,67
"Hologic Deutschland GmbH";6;3906;47;1500;608;175,75;985,5;651
"IXAIR ASSISTANCE";65;3893;20;192;52;32;84;59,89
"SARL LOMACO";5;3850;770;770;770;770;770;770
"Nanosonics Europe Limited";4;3836;276;2040;760;609;1110;959
"DOM'AIR";23;3827;16;1933;25;21;34,5;166,39
"PDL ORTHO";18;3798;82;550;207,5;152,25;249,75;211
"GTO";118;3789;10;57;31;19;48;32,11
"AIR DOMICILE SANTE ALPES";91;3784;11;340;30;24;38;41,58
"ELITech France";19;3769;22;938;31;25;265,5;198,37
"ALLIANCE PHARMA FRANCE";189;3746;10;300;15;12;17;19,82
"PROMOGEN";62;3720;60;60;60;60;60;60
"BLUESOM";39;3707;18;1057;38;30;67;95,05
"Bristol-Myers Squibb Israel";3;3649;154;2338;1157;655,5;1747,5;1216,33
"Nanosonics Limite";5;3600;400;1250;600;550;800;720
"EXPERF COTE D'AZUR";131;3581;10;400;18;13;32;27,34
"DIXI microtechniques";34;3530;11;500;72,5;31,75;85;103,82
"ISIS PARIS NORD";105;3527;11;55;31;25;42;33,59
"SA Bristol-Myers Squibb Belgium";17;3492;21;800;155;50;215;205,41
"ST AUDITION";6;3484;182;780;780;331,5;780;580,67
"laboratoire audioprothèse lorrain";7;3480;285;780;285;285;780;497,14
"LINDE FRANCE";168;3449;10;42;19;15;24;20,53
"NODEA MEDICAL";34;3449;13;292;63;29;178,75;101,44
"EOLIS SANTE";13;3410;35;2535;50;45;100;262,31
"DISMEDIS";1;3403;3403;3403;3403;3403;3403;3403
"DR WEIGERT FRANCE SAS";5;3354;350;757;749;749;749;670,8
"VOLUNTIS";2;3350;50;3300;1675;862,5;2487,5;1675
"SUNSTAR FRANCE";148;3344;10;35;21;18;27;22,59
"HYPHEN BIOMED SAS";8;3253;34;830;393;183;561,75;406,62
"ALAIN AFFLELOU FRANCHISEUR";19;3249;171;171;171;171;171;171
"AMS 25";6;3232;17;1228;455;25,75;1009,5;538,67
"Scope International France";6;3210;535;535;535;535;535;535
"AERIS Medical SAS";50;3205;14;360;40;23,25;59;64,1
"AUDITION AQUITAINE CARBON BLANC";18;3194;72;900;110;72;120;177,44
"TEM-France";26;3175;13;2400;27,5;21;38,75;122,12
"SOS OXYGENE CENTRE EST";55;3156;10;650;28;20;35,5;57,38
"idrm";22;3130;100;150;150;150;150;142,27
"AUDITION DEBRUILLE BEZANNES";2;3113;780;2333;1556,5;1168,25;1944,75;1556,5
"Laboratoire de correction auditive";2;3113;780;2333;1556,5;1168,25;1944,75;1556,5
"SOSECAT";4;3080;770;770;770;770;770;770
"EFFICARE SARL";85;3071;13;420;20;20;39;36,13
"WELLSPECT HEALTHCARE/DENTSPLY IH AB";9;3065;48;1159;197;66;465;340,56
"HERAEUS";65;3060;13;70;53;27;57;47,08
"Advanced Accelerator Applications International SA";3;3038;19;3000;19;19;1509,5;1012,67
"HANDI PHARM POITOU";142;3034;10;34;21;18;26,75;21,37
"DDSM SARL";8;3010;100;640;355;227,5;572,5;376,25
"EDWARDS LIFESCIENCES ROYAUME-UNI";38;2992;11;622;60;42;70,5;78,74
"MAPI SAS";5;2957;431;768;545;487;726;591,4
"MINVASYS";15;2954;31;1150;130;60,5;182,5;196,93
"ETHYPHARM";11;2953;13;2000;28;24,5;154,5;268,45
"DATIS NORD";76;2932;11;500;25;19;34;38,58
"MECCELLIS BIOTECH";4;2920;520;1000;700;580;850;730
"SOS OXYGENE BASSIN PARISIEN SUD";11;2908;20;2000;32;23,5;59;264,36
"PROCTER & GAMBLE PHARMACEUTICALS FRANCE";225;2894;10;48;10;10;14;12,86
"PALL FRANCE";26;2870;14;737;28,5;26,25;39,75;110,38
"MEDISPORT";81;2841;13;204;29;20;44;35,07
"Nobel Biocare Russia LLC";4;2824;454;1277;546,5;459,25;793,25;706
"Merit Medical Systems, Inc.";2;2773;988;1785;1386,5;1187,25;1585,75;1386,5
"EDWARDS LIFESCIENCES ALLEMAGNE";18;2748;10;406;101;31;264;152,67
"LABORATOIRES ARION";63;2747;11;460;28;20;50,5;43,6
"ORTHOPLUS";87;2741;11;164;25;21;36,5;31,51
"SOS OXYGENE ILE DE FRANCE EST Vierzon 2";15;2731;37;793;160;49;243;182,07
"IMPETO MEDICAL";8;2712;206;529;348;283,25;374;339
"EDWARDS LIFESCIENCES ESPAGNE";23;2708;12;267;137;57;148,5;117,74
"PERRIER SURDITE ANNECY SAS";10;2702;60;630;60;60;541;270,2
"ARX SAS";71;2695;10;206;30;21,5;42;37,96
"LABORATOIRE TETRA MEDICAL";113;2689;11;59;22;17;30;23,8
"SARL AUNIS AUDITION";19;2685;55;780;55;55;90;141,32
"BIOTRONIK AG";14;2671;20;604;97;60;173;190,79
"MEDIKEA";48;2663;15;500;57;15;57;55,48
"RMO EUROPE";25;2580;15;192;107;42;143;103,2
"CEREDAS";16;2560;60;250;150;150;162,5;160
"newbone";70;2537;10;150;30;26;42;36,24
"Second Sight Medical Products Switzerland (sarl)";34;2527;12;283;40;20;98,75;74,32
"DAKO FRANCE SAS";28;2512;10;542;29;27,5;76,25;89,71
"EXPERF DROME";173;2512;10;36;11;11;19;14,52
"GENZYME POLYCLONALS";1;2500;2500;2500;2500;2500;2500;2500
"PHOCEENNE D'ORTHOPEDIE";21;2487;32;714;50;50;65;118,43
"PETNET Solutions SAS";18;2483;23;579;56;56;137,75;137,94
"DFine Europe GmbH";1;2463;2463;2463;2463;2463;2463;2463
"MED-EL Elektromedizinische Geraete Gesellschaft m.b.H";12;2413;81;430;128;121,25;226,75;201,08
"OCEAN TERRE BIOTECHNOLOGIE";5;2378;50;840;598;50;840;475,6
"Imaxio";27;2372;12;409;30;25;98,5;87,85
"SARL SOPHILMED";22;2365;13;1500;28;28;28;107,5
"ISITESTFD";2;2356;856;1500;1178;1017;1339;1178
"IFOP";19;2350;100;150;100;100;150;123,68
"CRYOLIFE FRANCE";54;2349;16;64;42;36;54;43,5
"laboratoire de correction de l'audition";3;2340;780;780;780;780;780;780
"SARL PEFD";3;2340;780;780;780;780;780;780
"Sirtex Medical Europe GmbH";74;2339;12;118;25,5;20;31,5;31,61
"NORD IMPLANT";38;2323;11;600;40;24,25;51,5;61,13
"ASTELLAS PHARMA Inc";4;2317;31;2000;143;52,75;669,5;579,25
"HUMANAIR MEDICAL";16;2314;18;370;75;26,25;321;144,62
"OLYMPUS SVERIGE AB";10;2236;28;640;150;150;150;223,6
"Boston Healthcare International";8;2200;200;300;300;275;300;275
"AXIS Santé";14;2184;16;383;131;62;242,25;156
"Adiral Assistance";76;2173;14;67;24;20,75;35;28,59
"DENTSPLY IH AB";6;2164;193;635;334;334;334;360,67
"ALAIR & AVD";12;2133;35;712;148,5;47;196;177,75
"A.MENARINI diagnostics";75;2125;10;205;23;16;28;28,33
"MEDIAN Technologies";2;2096;745;1351;1048;896,5;1199,5;1048
"WOO YOUNG MEDICAL FRANCE";16;2092;12;500;36,5;22,5;209,25;130,75
"PARIS KLEBER SANTE";69;2087;25;51;30;30;30;30,25
"WR CONSEIL";21;2070;75;130;75;75;130;98,57
"HILL-ROM S.A.S.";51;2058;15;236;32;23;46,5;40,35
"surdioptic";2;2058;1029;1029;1029;1029;1029;1029
"DRÄGER MEDICAL GmbH";13;2049;11;537;90;22;221;157,62
"SONATINE";94;2029;10;57;20;18;25;21,59
"A a Z SANTE";2;2000;500;1500;1000;750;1250;1000
"S.O.S M.A.D";1;2000;2000;2000;2000;2000;2000;2000
"United Orthopedic Corporation (France)";21;2000;59;424;59;59;59;95,24
"OXOID";7;1995;16;1000;20;19,5;460;285
"Sage Products LLC";24;1980;17;505;38;18;49,25;82,5
"ARSENAL-CDM";28;1968;60;336;60;60;60;70,29
"GENBIOTECH";5;1966;15;1074;129;87;661;393,2
"ALMUS";59;1965;28;44;35;28;35;33,31
"Chiltern International SARL";3;1939;19;1138;782;400,5;960;646,33
"Draeger Medical Systems, Inc";5;1911;41;1410;111;59;290;382,2
"Genmab A/S";4;1908;147;1018;371,5;219;629,5;477
"PERF NUT ASSISTANCE ILE DE FRANCE";35;1900;11;350;34;22;43;54,29
"Kadence international";18;1800;100;100;100;100;100;100
"TOSOH EUROPE NV";35;1800;13;418;24;17,5;40;51,43
"Warner Chilcott France SAS";1;1800;1800;1800;1800;1800;1800;1800
"VIVACTIS MEDICAL EDUCATION";13;1787;46;464;46;46;140;137,46
"LYON KLEBER SANTE";48;1728;14;250;41;14;44;36
"ELIA SUD OUEST";39;1713;10;90;31;22;70;43,92
"Cezanne";111;1702;12;24;14;12;19;15,33
"Medela France Sarl";6;1702;21;576;317;90,5;421,25;283,67
"EDWARDS LIFESCIENCES BELGIQUE";28;1681;10;267;40;22,5;59,75;60,04
"GAMBRO INDUSTRIES";16;1681;19;630;32,5;27,25;45,75;105,06
"HERAEUS KULZER FRANCE";44;1656;11;89;26,5;20;60;37,64
"ATLANTIS DIFFUSION SAM";31;1648;44;219;50;45;50;53,16
"IHEALTHLABS";25;1642;11;238;29;27;85;65,68
"SEPRODOM REUNION";61;1638;14;32;28;26;30;26,85
"HANDI PHARM OCEAN";74;1613;10;36;21;17;29;21,8
"Roche Sistemas de Diagnósticos, Lda.";3;1600;170;1000;430;300;715;533,33
"Cutting Edge";55;1591;14;55;26;18;35,5;28,93
"EXPERF NORMANDIE";73;1583;10;300;16;14;20;21,68
"AM AUDITION";2;1560;780;780;780;780;780;780
"AUDITION TRIBUT VERJUS";2;1560;780;780;780;780;780;780
"CAROLINE ROBIN AUDITION";2;1560;780;780;780;780;780;780
"LABORATOIRE FLORENCE VERJUS";2;1560;780;780;780;780;780;780
"ALPHEGA";47;1530;30;40;32;30;35;32,55
"Symbios Orthopédie SA";2;1525;718;807;762,5;740,25;784,75;762,5
"COOPERATION PHARMACEUTIQUE FRANCAISE";45;1522;17;156;30;24;31;33,82
"Biosensors Europe SA";13;1514;33;300;63;40;263;116,46
"AXIS Dental Sarl";2;1508;26;1482;754;390;1118;754
"NPS PHARMA FRANCE";19;1501;17;449;50;23;59;79
"Hologic Iberia, S.L.";8;1500;60;420;100;60;315;187,5
"LENTILLES SAS";1;1500;1500;1500;1500;1500;1500;1500
"Second Stage Pharma";1;1500;1500;1500;1500;1500;1500;1500
"BIOTEST HUNGARIA KFT.";3;1499;90;1000;409;249,5;704,5;499,67
"IsoTis International SàRL";2;1490;745;745;745;745;745;745
"Nanostring Technologies, Inc";37;1470;12;115;36;26;52;39,73
"Laboratoire de Correction Auditive de Villeneuve lez Avignon";4;1458;69;893;248;79,5;533;364,5
"C2R SAS";4;1448;87;604;378,5;303;437,5;362
"laboratoire leblanc et associés";3;1447;343;565;539;441;552;482,33
"INDERMA LABORATOIRE DERMATOLOGIQUE";1;1440;1440;1440;1440;1440;1440;1440
"VERBAL";64;1427;10;52;20,5;16;25,25;22,3
"Santor edition";7;1419;61;309;309;61;309;202,71
"CAIR LGL";23;1413;12;420;39;25;58;61,43
"MAVALA FRANCE SA";13;1413;12;507;38;17;70;108,69
"Pharmacosmos";8;1386;30;498;82,5;37,5;218,25;173,25
"EXPERF LORRAINE";63;1380;11;30;21;14;30;21,9
"SARL AUDIOSON";8;1376;172;172;172;172;172;172
"KERI MEDICAL FRANCE";17;1360;80;80;80;80;80;80
"Roche Diagnostics GmbH";19;1355;21;138;68;48;85,5;71,32
"CORSE OXYGENE";3;1350;450;450;450;450;450;450
"3M MAROC";2;1340;40;1300;670;355;985;670
"Advanced Medical Services, AMS GmbH";4;1332;318;342;336;327;342;333
"SEFAM";33;1328;12;82;39;32;47;40,24
"Draeger Medical Canada";6;1313;15;447;146,5;143;348,75;218,83
"PHADIA GmbH";11;1309;119;119;119;119;119;119
"EDWARDS LIFESCIENCES SUEDE";6;1308;15;806;109,5;34;221,75;218
"Piramal Imaging GmbH";5;1280;60;400;350;120;350;256
"OPHTACOM";50;1254;10;122;20,5;17;25;25,08
"PPD FRANCE SAS";27;1244;10;448;21;15;24;46,07
"NICOX";50;1238;10;142;18;14;25,5;24,76
"SBM";26;1212;12;87;45,5;32,5;55,75;46,62
"FUMOUZE DIAGNOSTICS - SOFIBEL";40;1210;13;83;27;15,75;35,75;30,25
"CORONA MEDICAL SAS";32;1206;11;129;25,5;18;46,25;37,69
"BOIRON OCEAN INDIEN";79;1197;10;42;14;10;17;15,15
"PRESSE & PAPIERS";7;1195;13;804;76;73;78;170,71
"NEURELEC MAROC";11;1182;66;180;66;66;180;107,45
"ARCADE DENTAIRE";48;1171;13;44;23;17;31;24,4
"THERACLION";8;1171;80;429;101,5;100;119,75;146,38
"THERMO ELECTRON LED SAS";11;1163;17;500;81;29,5;81;105,73
"Ortho Union";4;1162;37;1045;40;37,75;292,75;290,5
"MARKET VISION";7;1160;100;180;180;170;180;165,71
"TIME RESEARCH LIMITED";26;1160;10;70;70;10;70;44,62
"RICHARD FRERES";12;1152;17;374;29,5;21,5;95,75;96
"IMS Health Cambridge";4;1144;47;499;299;155,75;429,25;286
"DDB Health Paris";15;1139;65;229;65;65;65;75,93
"Beaver-Visitec Int'l Sales Ltd";23;1138;22;134;39;30;55;49,48
"DEDIENNE SANTE";24;1131;10;102;47;29;59;47,12
"BREAS MEDICAL";6;1103;38;349;184;100,5;252,5;183,83
"CIDELEC";1;1100;1100;1100;1100;1100;1100;1100
"SOFIBEL Laboratoires Fumouze";1;1100;1100;1100;1100;1100;1100;1100
"CLARIPHARM";39;1084;12;300;15;13;15;27,79
"Medicals International (Off-Shore) SARL";1;1047;1047;1047;1047;1047;1047;1047
"GENOMIC HEALTH";49;1042;10;26;22;20;22;21,27
"MOVE-UP";9;1034;24;514;24;24;180;114,89
"OLYMPUS WINTER & IBE GmbH";6;1032;102;247;167;118,25;227;172
"Entreprise_Test_PP2";9;1030;80;150;100;100;130;114,44
"EDWARDS LIFESCIENCES REPUBLIQUE TCHEQUE";3;1028;176;552;300;238;426;342,67
"STERIS";11;1025;19;200;75;53,5;130,5;93,18
"KRKA FRANCE EURL";38;1021;12;59;28,5;12;39;26,87
"Premier Research";15;1019;22;233;22;22;115,5;67,93
"abmedica";43;1016;10;47;23;17;29;23,63
"TERRE NEUVE";4;1013;117;592;152;129,75;275,5;253,25
"FOVEA PHARMACEUTICALS";1;1000;1000;1000;1000;1000;1000;1000
"Neotract, Inc.";1;1000;1000;1000;1000;1000;1000;1000
"Hologic, Inc.";2;993;434;559;496,5;465,25;527,75;496,5
"Think Tuvalu";7;980;140;140;140;140;140;140
"ALLIANCE'PERF";2;970;485;485;485;485;485;485
"Ipsos (France)";8;960;120;120;120;120;120;120
"ADAPSIA";36;958;11;49;22;16;37;26,61
"Oceana Therapeutics, Ltd.";2;951;440;511;475,5;457,75;493,25;475,5
"Eole santé";1;940;940;940;940;940;940;940
"EDWARDS LIFESCIENCES CANADA";10;907;14;198;99;87;99;90,7
"GfK Market Access";6;902;38;439;104,5;47,25;167;150,33
"BIOCORP PRODUCTION";1;900;900;900;900;900;900;900
"Vatech France";2;900;400;500;450;425;475;450
"Roche Diagnostics Belgium";1;895;895;895;895;895;895;895
"DEFI ORTHO";27;886;17;62;30;22;40;32,81
"EDWARDS LIFESCIENCES GRECE";16;866;13;179;32,5;24,75;63;54,12
"GN OTOMETRICS";38;849;10;65;18;16;24,75;22,34
"MSD VACCINS";33;804;10;60;25;18;28;24,36
"AUDITION FISMES";1;780;780;780;780;780;780;780
"Côté Audition";1;780;780;780;780;780;780;780
"GLocal Mind Inc";52;780;15;15;15;15;15;15
"QUERYO MEDICAL SAS";21;780;20;90;28;27;34;37,14
"SARL GHAMA";1;780;780;780;780;780;780;780
"SARL LAUBEN";1;780;780;780;780;780;780;780
"ASAHI INTECC CO., LTD.";17;779;11;55;55;40;55;45,82
"GENERIC IMPLANTS";22;749;12;160;23,5;17,5;37,75;34,05
"Mobidiag Oy";4;744;75;273;198;163,5;220,5;186
"NxStage Medical, Inc.";2;744;191;553;372;281,5;462,5;372
"SARL PACIMED";20;741;14;68;40,5;22,5;51;37,05
"CLINSEARCH";4;733;112;271;175;136;222,25;183,25
"DIDACTIC";13;733;20;187;33;30;37;56,38
"SUBLIMED";6;731;69;238;69;69;180;121,83
"UNILEVER FRANCE";11;729;35;95;57;52;92;66,27
"SARL LUNODIA";33;720;13;100;17;17;25;21,82
"GENEWAVE S.A.S";22;713;10;360;10;10;10;32,41
"GXEL MEDICAL SARL";41;706;12;29;19;14;19;17,22
"PATIENTYS";4;705;20;400;142,5;83,75;235;176,25
"Bristol-Myers Squibb Business Services Limited";2;700;275;425;350;312,5;387,5;350
"LEN Médical";3;696;75;498;123;99;310,5;232
"Olympus Keymed";3;686;158;264;264;211;264;228,67
"SAS BIOVAS";17;683;21;74;31;26;49;40,18
"LION / SENECA FRANCE AUDIO";21;675;16;215;30;16;30;32,14
"espace medical medic centre";23;669;25;30;29;29;30;29,09
"Centre de stomathérapie";21;668;16;150;27;27;27;31,81
"NEOS";10;662;11;300;19,5;15,5;50,25;66,2
"ADIRAL Association d'Aide aux Traitements à Domicile";29;645;11;74;22;16;23;22,24
"Bristol-Myers Squibb, S.A.U.";3;636;55;417;164;109,5;290,5;212
"ALERE E-SANTE SAS";17;632;12;74;31;22;59;37,18
"FAGRON";35;630;14;24;18;14;21;18
"SERB";2;620;280;340;310;295;325;310
"Alcimed SAS";5;617;16;206;134;127;134;123,4
"SOFRADIM PRODUCTION";13;616;17;173;33;23;47;47,38
"ORTHO CONCEPT";19;594;16;51;36;19;40;31,26
"Covalia Interactive";3;592;174;226;192;183;209;197,33
"laboratoire de correction auditive de dijon";8;591;19;108;91;40;102;73,88
"Biosphere Medical, Inc.";10;553;14;134;50;23;77;55,3
"Galderma Research & Development";16;543;15;47;37;25,25;47;33,94
"Laboratoires NEGMA";3;529;28;388;113;70,5;250,5;176,33
"LABORATOIRE BIODIM";8;527;16;90;63,5;61,25;85,75;65,88
"3M Belgium bvba/sprl";1;520;520;520;520;520;520;520
"MV3 SAS";4;520;130;130;130;130;130;130
"ML2S";2;515;183;332;257,5;220,25;294,75;257,5
"BIO-RAD Laboratories Inc.";13;510;16;105;34;25;46;39,23
"SUBSTRATHOMME";3;510;170;170;170;170;170;170
"EDWARDS LIFESCIENCES AUSTRALIE";12;508;15;96;24,5;22,25;65,25;42,33
"ALPINE SCIENTIFIC";9;492;18;68;57;51;68;54,67
"Laboratoire HEPATOUM";25;490;10;20;20;20;20;19,6
"e(ye)BRAIN";8;487;17;85;60;60;66,25;60,88
"adam sante";17;480;11;35;34;23;34;28,24
"NPS Pharma UK Limited";6;475;35;197;35;35;112,25;79,17
"AMB-I SANTE PROVENCE";1;470;470;470;470;470;470;470
"DÜRR DENTAL FRANCE";12;469;12;121;34;17,5;45,25;39,08
"GlobalData";2;460;230;230;230;230;230;230
"PRIORITIS";7;458;20;185;71;20;71;65,43
"H4D";9;450;50;50;50;50;50;50
"EDWARDS LIFESCIENCES PAYS-BAS";2;441;44;397;220,5;132,25;308,75;220,5
"Bristol -Myers Squibb GmbH & Co. KGaA";1;439;439;439;439;439;439;439
"HARMONIE MEDICAL SERVICE GRAND EST";25;438;15;24;15;15;24;17,52
"SYMATESE";9;433;17;277;19;19;19;48,11
"DUNES MEDICAL";8;431;32;82;52;45,75;61;53,88
"Reckitt Benckiser SLOUGH";2;416;26;390;208;117;299;208
"ASKLE SANTE";5;411;22;200;51;51;87;82,2
"Bristol-Myers Squibb Spol s r.o.";4;404;21;264;59,5;27;133,5;101
"AZ MEDICAL";1;400;400;400;400;400;400;400
"CHOC";1;387;387;387;387;387;387;387
"PRODIS";11;387;12;71;37;17;49;35,18
"DON'ORTHO";8;377;43;54;43;43;54;47,12
"Bristol-Myers Squibb";1;376;376;376;376;376;376;376
"ESPACE MEDICAL MOULINS";16;364;22;30;22;22;22;22,75
"BIOMET BELGIUM BVBA";5;362;53;100;72;65;72;72,4
"MEDICONTUR FRANCE";13;361;15;60;24;19;30;27,77
"DENTSPLY Implants Manufacturing GmbH";3;352;55;171;126;90,5;148,5;117,33
"Cisbio Bioassays";1;350;350;350;350;350;350;350
"ICTA PROJECT MANAGEMENT";1;337;337;337;337;337;337;337
"espace medical vichy";11;330;30;30;30;30;30;30
"Laboratoire GANDHOUR";8;322;11;60;49,5;28,25;52,25;40,25
"Lohmann & Rauscher International GmbH & Co KG";4;317;31;109;88,5;58,75;109;79,25
"EDWARDS LIFESCIENCES IRLANDE";3;305;11;283;11;11;147;101,67
"Biomet Orthopaedics Sweeden";1;300;300;300;300;300;300;300
"Modérateur Ministère de la Santé";3;300;100;100;100;100;100;100
"PPi Healthcare Consulting Ltd";1;300;300;300;300;300;300;300
"MEDICAL SANTE GRAND NORD";1;295;295;295;295;295;295;295
"ESPACE MEDICAL BOURGES";11;292;16;30;28;25;30;26,55
"PGRD";2;285;54;231;142,5;98,25;186,75;142,5
"VECTEC";5;283;45;84;50;45;59;56,6
"HANDI PHARM CHARENTES";12;282;14;30;25;21,25;26,25;23,5
"BIOMET UK Limited";4;281;65;72;72;70,25;72;70,25
"AIR DOMICILE VALLEE DU RHONE";11;280;22;35;24;23;25;25,45
"SYMATESE AESTHETICS";2;276;20;256;138;79;197;138
"CERMAVEIN";1;275;275;275;275;275;275;275
"HANDI PHARM GROUPE";12;275;12;29;26;19;27,5;22,92
"OPIA TECHNOLOGIES";3;275;59;118;98;78,5;108;91,67
"INTER ORTHO";3;270;25;213;32;28,5;122,5;90
"CardiAQ Valve Technologies, Inc.";5;263;10;223;10;10;10;52,6
"HORIBA ABX SAS";1;262;262;262;262;262;262;262
"SOS OXYGENE ILE DE FRANCE EST Vierzon 1";3;255;39;110;106;72,5;108;85
"Tutogen Médical France";13;240;15;51;16;16;16;18,46
"The MarkeTech Group SARL";6;235;15;160;15;15;15;39,17
"Zimmer Spine SAS";6;233;30;62;34;30,25;41,5;38,83
"SARL LABORATOIRE MICHAEL BERTOUX";1;228;228;228;228;228;228;228
"PENTAX MEDICAL";5;225;45;45;45;45;45;45
"EDWARDS LIFESCIENCES CHINA";9;219;11;32;29;17;30;24,33
"MESSER FRANCE";8;211;22;31;26;22;31;26,38
"ARTHES";4;208;52;52;52;52;52;52
"SARL SOPHILMED LENS";9;208;20;27;20;20;27;23,11
"NOVATEST";17;204;12;12;12;12;12;12
"VITALEA MEDICAL";1;202;202;202;202;202;202;202
"espace medical nevers";10;201;15;26;18,5;15;26;20,1
"BRACCO DIAGNOSTICS INC";2;200;100;100;100;100;100;100
"BIO COMPOSANTS MEDICAUX";2;189;93;96;94,5;93,75;95,25;94,5
"MIELE SAS";1;189;189;189;189;189;189;189
"ISIS PARIS OUEST";6;184;18;50;24;23,25;39,75;30,67
"Zimmer BVBA";2;183;16;167;91,5;53,75;129,25;91,5
"EDWARDS LIFESCIENCES COREE DU SUD";2;182;78;104;91;84,5;97,5;91
"Alizé Pharma SAS";4;180;45;45;45;45;45;45
"IDEC 56";6;180;30;30;30;30;30;30
"LABORATOIRE CEVIDRA";6;179;11;76;11;11;47;29,83
"ACCORD HEALTHCARE FRANCE SAS";9;171;19;19;19;19;19;19
"Reckitt Benckiser Healthcare France";4;167;18;50;49,5;41,25;50;41,75
"Leica Biosystems Nussloch GmbH";1;165;165;165;165;165;165;165
"TEXTILE HI-TEC";3;159;37;73;49;43;61;53
"Laboratoires Moulin Royal Cosmetics";2;157;10;147;78,5;44,25;112,75;78,5
"A DEC INTERNATIONAL INC";4;150;28;47;37,5;28;47;37,5
"IMACCESS";5;150;12;54;27;19;38;30
"Biomet Spain Orthopaedics S.L.";2;147;65;82;73,5;69,25;77,75;73,5
"BIOTRONIK Belgium";2;142;64;78;71;67,5;74,5;71
"BOLTON MEDICAL";1;123;123;123;123;123;123;123
"DIADOM SAS";4;120;30;30;30;30;30;30
"Edwards Lifesciences Danemark";4;120;11;59;25;15,5;39,5;30
"PHADIA NV/SA";1;120;120;120;120;120;120;120
"HOYA LENS FRANCE SAS";1;115;115;115;115;115;115;115
"AXONAL";1;114;114;114;114;114;114;114
"Otsuka Pharmaceutical Europe Ltd";2;112;52;60;56;54;58;56
"HANDI PHARM ATLANTIQUE";5;103;14;25;25;14;25;20,6
"Alcimed Inc";1;100;100;100;100;100;100;100
"CELLforCURE";3;84;28;28;28;28;28;28
"BIOSERENITY";3;83;20;32;31;25,5;31,5;27,67
"BALJO";5;82;12;19;18;15;18;16,4
"Laboratoires Carilène";1;79;79;79;79;79;79;79
"LABORATOIRE SOBER";5;75;15;15;15;15;15;15
"CENDRES+METAUX FRANCE SAS";4;71;16;20;17,5;16;19,25;17,75
"AVANTEC";1;70;70;70;70;70;70;70
"BIOMET CHINA";2;64;32;32;32;32;32;32
"EV3 EUROPE S.A.S.";1;58;58;58;58;58;58;58
"HANDI PHARM LIMOUSIN";4;58;10;16;16;14,5;16;14,5
"Diamed France SA";2;56;28;28;28;28;28;28
"Vital Images France Sarl";3;55;13;23;19;16;21;18,33
"Orexigen Therapeutics, Inc.";1;50;50;50;50;50;50;50
"SWEDISH ORPHAN BIOVITRUM AB (publ)";1;50;50;50;50;50;50;50
"Nobel Biocare USA LLC";1;42;42;42;42;42;42;42
"Toray Industries, Inc.";1;42;42;42;42;42;42;42
"BAYER SANTE FAMILIALE";1;40;40;40;40;40;40;40
"EDWARDS LIFESCIENCES NORDIC/FINLAND";1;37;37;37;37;37;37;37
"UNITHER DEVELOPPEMENT BORDEAUX";2;37;14;23;18,5;16,25;20,75;18,5
"Medline Assembly France SAS";3;36;12;12;12;12;12;12
"SDI Dental Limited";1;35;35;35;35;35;35;35
"GETINGE France";1;32;32;32;32;32;32;32
"BIOVENTUS";1;29;29;29;29;29;29;29
"MICROGENICS GmbH";1;29;29;29;29;29;29;29
"RADIANTE";1;29;29;29;29;29;29;29
"PACKAGE";2;28;14;14;14;14;14;14
"SONY EUROPE LIMITED";2;28;14;14;14;14;14;14
"CORMOVE";2;25;11;14;12,5;11,75;13,25;12,5
"SOFIBEL";1;25;25;25;25;25;25;25
"IMACTIS";1;22;22;22;22;22;22;22
"Laboratoires DELBERT";1;20;20;20;20;20;20;20
"BioHorizons Iberica S.R.L.";1;18;18;18;18;18;18;18
"larm-o-tec";1;18;18;18;18;18;18;18
"PROMONET PROMEDICAL";1;18;18;18;18;18;18;18
"sterience";1;18;18;18;18;18;18;18
"EDWARDS LIFESCIENCES PORTUGAL";1;14;14;14;14;14;14;14
"SURGIVISIO";1;13;13;13;13;13;13;13
"Mediwound Germany GmbH";1;12;12;12;12;12;12;12
